,season,home_team,away_team,down,game_date,game_half,game_seconds_remaining,play_type,ydstogo,ydsnet
191,2009,ATL,MIA,4.0,2009-09-13,Half1,3271.0,field_goal,6,47
199,2009,ATL,MIA,4.0,2009-09-13,Half1,3121.0,punt,18,-8
209,2009,ATL,MIA,4.0,2009-09-13,Half1,2776.0,punt,11,34
232,2009,ATL,MIA,4.0,2009-09-13,Half1,2131.0,punt,6,24
237,2009,ATL,MIA,4.0,2009-09-13,Half1,2047.0,punt,1,9
251,2009,ATL,MIA,4.0,2009-09-13,Half1,1836.0,field_goal,8,13
259,2009,ATL,MIA,4.0,2009-09-13,Half2,1709.0,punt,5,5
263,2009,ATL,MIA,4.0,2009-09-13,Half2,1620.0,punt,1,9
267,2009,ATL,MIA,4.0,2009-09-13,Half2,1507.0,punt,15,-5
271,2009,ATL,MIA,4.0,2009-09-13,Half2,1375.0,punt,6,4
298,2009,ATL,MIA,4.0,2009-09-13,Half2,745.0,field_goal,15,18
302,2009,ATL,MIA,4.0,2009-09-13,Half2,701.0,punt,5,5
310,2009,ATL,MIA,4.0,2009-09-13,Half2,458.0,field_goal,5,38
324,2009,ATL,MIA,4.0,2009-09-13,Half2,250.0,pass,4,67
2755,2009,ATL,CAR,4.0,2009-09-20,Half1,3293.0,field_goal,7,60
2762,2009,ATL,CAR,4.0,2009-09-20,Half1,3160.0,punt,7,13
2766,2009,ATL,CAR,4.0,2009-09-20,Half1,3102.0,punt,9,1
2779,2009,ATL,CAR,4.0,2009-09-20,Half1,2806.0,punt,16,11
2819,2009,ATL,CAR,4.0,2009-09-20,Half1,1914.0,field_goal,10,48
2849,2009,ATL,CAR,4.0,2009-09-20,Half2,1436.0,run,1,67
2864,2009,ATL,CAR,4.0,2009-09-20,Half2,973.0,run,1,27
2892,2009,ATL,CAR,4.0,2009-09-20,Half2,346.0,punt,9,1
2903,2009,ATL,CAR,4.0,2009-09-20,Half2,164.0,pass,10,51
2914,2009,ATL,CAR,4.0,2009-09-20,Half2,41.0,punt,1,19
15312,2009,ATL,CHI,4.0,2009-10-18,Half1,3543.0,punt,9,1
15330,2009,ATL,CHI,4.0,2009-10-18,Half1,3010.0,punt,1,9
15336,2009,ATL,CHI,4.0,2009-10-18,Half1,2852.0,punt,1,9
15340,2009,ATL,CHI,4.0,2009-10-18,Half1,2750.0,punt,10,0
15353,2009,ATL,CHI,4.0,2009-10-18,Half1,2538.0,punt,16,4
15370,2009,ATL,CHI,4.0,2009-10-18,Half1,2123.0,punt,10,17
15398,2009,ATL,CHI,4.0,2009-10-18,Half2,1590.0,punt,4,17
15405,2009,ATL,CHI,4.0,2009-10-18,Half2,1404.0,punt,4,6
15410,2009,ATL,CHI,4.0,2009-10-18,Half2,1346.0,punt,5,5
15438,2009,ATL,CHI,4.0,2009-10-18,Half2,606.0,no_play,4,67
15478,2009,ATL,CHI,4.0,2009-10-18,Half2,34.0,no_play,1,78
15479,2009,ATL,CHI,4.0,2009-10-18,Half2,34.0,pass,6,78
20160,2009,ATL,WAS,4.0,2009-11-08,Half1,3323.0,no_play,1,70
20168,2009,ATL,WAS,4.0,2009-11-08,Half1,3151.0,punt,17,-7
20172,2009,ATL,WAS,4.0,2009-11-08,Half1,3036.0,no_play,4,6
20189,2009,ATL,WAS,4.0,2009-11-08,Half1,2685.0,punt,10,13
20198,2009,ATL,WAS,4.0,2009-11-08,Half1,2394.0,punt,8,15
20205,2009,ATL,WAS,4.0,2009-11-08,Half1,2162.0,field_goal,12,52
20218,2009,ATL,WAS,4.0,2009-11-08,Half1,1949.0,punt,16,-6
20236,2009,ATL,WAS,4.0,2009-11-08,Half1,1805.0,field_goal,9,66
20251,2009,ATL,WAS,4.0,2009-11-08,Half2,1334.0,run,1,80
20257,2009,ATL,WAS,4.0,2009-11-08,Half2,1209.0,punt,1,9
20291,2009,ATL,WAS,4.0,2009-11-08,Half2,372.0,pass,1,34
20297,2009,ATL,WAS,4.0,2009-11-08,Half2,205.0,punt,12,-2
20302,2009,ATL,WAS,4.0,2009-11-08,Half2,154.0,pass,2,33
28414,2009,ATL,TB,4.0,2009-11-29,Half1,3335.0,punt,10,21
28428,2009,ATL,TB,4.0,2009-11-29,Half1,2897.0,punt,14,42
28436,2009,ATL,TB,4.0,2009-11-29,Half1,2723.0,no_play,2,31
28448,2009,ATL,TB,4.0,2009-11-29,Half1,2449.0,field_goal,16,53
28453,2009,ATL,TB,4.0,2009-11-29,Half1,2365.0,punt,2,8
28469,2009,ATL,TB,4.0,2009-11-29,Half1,2039.0,punt,14,-4
28479,2009,ATL,TB,4.0,2009-11-29,Half1,1824.0,no_play,11,45
28480,2009,ATL,TB,4.0,2009-11-29,Half1,1824.0,field_goal,16,45
28489,2009,ATL,TB,4.0,2009-11-29,Half2,1676.0,punt,2,23
28493,2009,ATL,TB,4.0,2009-11-29,Half2,1620.0,punt,9,1
28506,2009,ATL,TB,4.0,2009-11-29,Half2,1305.0,field_goal,7,50
28512,2009,ATL,TB,4.0,2009-11-29,Half2,1210.0,punt,15,-5
28524,2009,ATL,TB,4.0,2009-11-29,Half2,900.0,punt,5,28
28528,2009,ATL,TB,4.0,2009-11-29,Half2,841.0,punt,9,1
28532,2009,ATL,TB,4.0,2009-11-29,Half2,779.0,pass,8,2
28537,2009,ATL,TB,4.0,2009-11-29,Half2,659.0,punt,6,19
28542,2009,ATL,TB,4.0,2009-11-29,Half2,517.0,punt,23,5
28546,2009,ATL,TB,4.0,2009-11-29,Half2,441.0,pass,4,15
28550,2009,ATL,TB,4.0,2009-11-29,Half2,403.0,field_goal,10,15
28563,2009,ATL,TB,4.0,2009-11-29,Half2,154.0,field_goal,4,34
28582,2009,ATL,TB,4.0,2009-11-29,Half2,26.0,pass,5,59
30823,2009,ATL,PHI,4.0,2009-12-06,Half1,3549.0,punt,5,5
30834,2009,ATL,PHI,4.0,2009-12-06,Half1,3276.0,field_goal,6,44
30852,2009,ATL,PHI,4.0,2009-12-06,Half1,2900.0,punt,13,26
30861,2009,ATL,PHI,4.0,2009-12-06,Half1,2730.0,field_goal,6,71
30868,2009,ATL,PHI,4.0,2009-12-06,Half1,2582.0,punt,6,27
30874,2009,ATL,PHI,4.0,2009-12-06,Half1,2461.0,punt,6,37
30878,2009,ATL,PHI,4.0,2009-12-06,Half1,2378.0,punt,7,3
30884,2009,ATL,PHI,4.0,2009-12-06,Half1,2291.0,field_goal,10,56
30891,2009,ATL,PHI,4.0,2009-12-06,Half1,2206.0,punt,6,39
30895,2009,ATL,PHI,4.0,2009-12-06,Half1,2132.0,punt,13,-3
30899,2009,ATL,PHI,4.0,2009-12-06,Half1,2041.0,pass,4,12
30910,2009,ATL,PHI,4.0,2009-12-06,Half1,1821.0,run,2,44
30919,2009,ATL,PHI,4.0,2009-12-06,Half2,1650.0,run,1,35
30935,2009,ATL,PHI,4.0,2009-12-06,Half2,1259.0,pass,2,43
30940,2009,ATL,PHI,4.0,2009-12-06,Half2,1133.0,pass,5,48
30964,2009,ATL,PHI,4.0,2009-12-06,Half2,698.0,punt,10,0
30972,2009,ATL,PHI,4.0,2009-12-06,Half2,380.0,no_play,1,28
30973,2009,ATL,PHI,4.0,2009-12-06,Half2,378.0,,6,28
30974,2009,ATL,PHI,4.0,2009-12-06,Half2,378.0,punt,6,28
33661,2009,ATL,NO,4.0,2009-12-13,Half1,3331.0,field_goal,8,57
33670,2009,ATL,NO,4.0,2009-12-13,Half1,3063.0,field_goal,6,65
33680,2009,ATL,NO,4.0,2009-12-13,Half1,2736.0,field_goal,2,68
33701,2009,ATL,NO,4.0,2009-12-13,Half1,2257.0,punt,8,13
33732,2009,ATL,NO,4.0,2009-12-13,Half1,1804.0,field_goal,4,72
33762,2009,ATL,NO,4.0,2009-12-13,Half2,1106.0,punt,1,24
33793,2009,ATL,NO,4.0,2009-12-13,Half2,286.0,field_goal,20,63
33803,2009,ATL,NO,4.0,2009-12-13,Half2,131.0,pass,7,17
33813,2009,ATL,NO,4.0,2009-12-13,Half2,78.0,pass,2,40
39232,2009,ATL,BUF,4.0,2009-12-27,Half1,3488.0,punt,15,-5
39240,2009,ATL,BUF,4.0,2009-12-27,Half1,3383.0,punt,3,7
39249,2009,ATL,BUF,4.0,2009-12-27,Half1,3169.0,punt,10,31
39255,2009,ATL,BUF,4.0,2009-12-27,Half1,3007.0,punt,1,20
39271,2009,ATL,BUF,4.0,2009-12-27,Half1,2669.0,field_goal,33,47
39279,2009,ATL,BUF,4.0,2009-12-27,Half1,2538.0,punt,4,16
39285,2009,ATL,BUF,4.0,2009-12-27,Half1,2413.0,punt,8,12
39295,2009,ATL,BUF,4.0,2009-12-27,Half1,2178.0,punt,8,7
39309,2009,ATL,BUF,4.0,2009-12-27,Half1,1909.0,punt,3,57
39330,2009,ATL,BUF,4.0,2009-12-27,Half2,1651.0,punt,9,39
39334,2009,ATL,BUF,4.0,2009-12-27,Half2,1563.0,punt,8,2
39339,2009,ATL,BUF,4.0,2009-12-27,Half2,1466.0,pass,12,12
39358,2009,ATL,BUF,4.0,2009-12-27,Half2,1023.0,field_goal,4,53
39367,2009,ATL,BUF,4.0,2009-12-27,Half2,834.0,pass,4,37
39372,2009,ATL,BUF,4.0,2009-12-27,Half2,712.0,punt,14,-4
39381,2009,ATL,BUF,4.0,2009-12-27,Half2,396.0,pass,1,71
39394,2009,ATL,BUF,4.0,2009-12-27,Half2,73.0,run,1,11
48616,2010,ATL,ARI,4.0,2010-09-19,Half1,3094.0,punt,3,20
48624,2010,ATL,ARI,4.0,2010-09-19,Half1,2902.0,punt,4,39
48637,2010,ATL,ARI,4.0,2010-09-19,Half1,2590.0,field_goal,6,37
48659,2010,ATL,ARI,4.0,2010-09-19,Half1,2256.0,punt,11,-1
48681,2010,ATL,ARI,4.0,2010-09-19,Half1,1843.0,field_goal,3,40
48687,2010,ATL,ARI,4.0,2010-09-19,Half1,1801.0,pass,16,-6
48702,2010,ATL,ARI,4.0,2010-09-19,Half2,1541.0,punt,4,20
48714,2010,ATL,ARI,4.0,2010-09-19,Half2,1263.0,run,1,67
48718,2010,ATL,ARI,4.0,2010-09-19,Half2,1141.0,field_goal,8,69
48725,2010,ATL,ARI,4.0,2010-09-19,Half2,1010.0,punt,1,23
48735,2010,ATL,ARI,4.0,2010-09-19,Half2,737.0,punt,4,17
48741,2010,ATL,ARI,4.0,2010-09-19,Half2,592.0,punt,6,27
48760,2010,ATL,ARI,4.0,2010-09-19,Half2,32.0,qb_kneel,10,-7
53796,2010,ATL,SF,4.0,2010-10-03,Half1,3440.0,punt,4,24
53807,2010,ATL,SF,4.0,2010-10-03,Half1,3128.0,run,1,76
53814,2010,ATL,SF,4.0,2010-10-03,Half1,2971.0,punt,6,4
53836,2010,ATL,SF,4.0,2010-10-03,Half1,2412.0,punt,8,12
53851,2010,ATL,SF,4.0,2010-10-03,Half1,2035.0,punt,4,34
53856,2010,ATL,SF,4.0,2010-10-03,Half1,1973.0,punt,11,-1
53872,2010,ATL,SF,4.0,2010-10-03,Half1,1836.0,run,1,49
53877,2010,ATL,SF,4.0,2010-10-03,Half1,1814.0,field_goal,18,49
53896,2010,ATL,SF,4.0,2010-10-03,Half2,1252.0,field_goal,12,41
53901,2010,ATL,SF,4.0,2010-10-03,Half2,1154.0,punt,4,6
53905,2010,ATL,SF,4.0,2010-10-03,Half2,1063.0,punt,6,4
53911,2010,ATL,SF,4.0,2010-10-03,Half2,908.0,punt,2,26
53920,2010,ATL,SF,4.0,2010-10-03,Half2,1533.0,punt,4,45
53936,2010,ATL,SF,4.0,2010-10-03,Half2,225.0,punt,14,48
60328,2010,ATL,CIN,4.0,2010-10-24,Half1,3142.0,punt,3,25
60333,2010,ATL,CIN,4.0,2010-10-24,Half1,3002.0,punt,6,4
60343,2010,ATL,CIN,4.0,2010-10-24,Half1,2726.0,field_goal,2,58
60353,2010,ATL,CIN,4.0,2010-10-24,Half1,2615.0,field_goal,7,54
60358,2010,ATL,CIN,4.0,2010-10-24,Half1,2582.0,punt,10,0
60378,2010,ATL,CIN,4.0,2010-10-24,Half1,2203.0,punt,22,35
60388,2010,ATL,CIN,4.0,2010-10-24,Half1,1920.0,run,1,79
60416,2010,ATL,CIN,4.0,2010-10-24,Half2,1478.0,field_goal,2,59
60423,2010,ATL,CIN,4.0,2010-10-24,Half2,1326.0,punt,6,24
60494,2010,ATL,CIN,4.0,2010-10-24,Half2,35.0,,10,0
60495,2010,ATL,CIN,4.0,2010-10-24,Half2,35.0,punt,10,0
66171,2010,ATL,TB,4.0,2010-11-07,Half1,3404.0,pass,2,31
66192,2010,ATL,TB,4.0,2010-11-07,Half1,2867.0,punt,10,35
66223,2010,ATL,TB,4.0,2010-11-07,Half1,2131.0,field_goal,3,72
66239,2010,ATL,TB,4.0,2010-11-07,Half1,1864.0,punt,10,17
66244,2010,ATL,TB,4.0,2010-11-07,Half1,1841.0,punt,9,1
66270,2010,ATL,TB,4.0,2010-11-07,Half2,1307.0,punt,8,24
66282,2010,ATL,TB,4.0,2010-11-07,Half2,950.0,field_goal,11,59
66289,2010,ATL,TB,4.0,2010-11-07,Half2,848.0,,8,2
66290,2010,ATL,TB,4.0,2010-11-07,Half2,847.0,punt,8,2
66301,2010,ATL,TB,4.0,2010-11-07,Half2,611.0,punt,12,11
66316,2010,ATL,TB,4.0,2010-11-07,Half2,164.0,run,1,89
67406,2010,ATL,BAL,4.0,2010-11-11,Half1,3321.0,punt,5,38
67412,2010,ATL,BAL,4.0,2010-11-11,Half1,3192.0,punt,5,29
67416,2010,ATL,BAL,4.0,2010-11-11,Half1,3097.0,punt,3,7
67423,2010,ATL,BAL,4.0,2010-11-11,Half1,2889.0,punt,4,22
67446,2010,ATL,BAL,4.0,2010-11-11,Half1,2328.0,punt,3,26
67453,2010,ATL,BAL,4.0,2010-11-11,Half1,2102.0,punt,6,20
67470,2010,ATL,BAL,4.0,2010-11-11,Half1,1821.0,field_goal,6,33
67481,2010,ATL,BAL,4.0,2010-11-11,Half2,1676.0,field_goal,4,6
67502,2010,ATL,BAL,4.0,2010-11-11,Half2,1069.0,punt,6,16
67508,2010,ATL,BAL,4.0,2010-11-11,Half2,1016.0,punt,10,16
67542,2010,ATL,BAL,4.0,2010-11-11,Half2,199.0,no_play,4,17
67543,2010,ATL,BAL,4.0,2010-11-11,Half2,186.0,punt,9,17
74162,2010,ATL,GB,4.0,2010-11-28,Half1,3276.0,field_goal,6,55
74167,2010,ATL,GB,4.0,2010-11-28,Half1,3148.0,punt,1,9
74171,2010,ATL,GB,4.0,2010-11-28,Half1,3010.0,punt,13,-3
74181,2010,ATL,GB,4.0,2010-11-28,Half1,2707.0,field_goal,1,81
74186,2010,ATL,GB,4.0,2010-11-28,Half1,2609.0,punt,3,7
74206,2010,ATL,GB,4.0,2010-11-28,Half1,2011.0,pass,3,50
74220,2010,ATL,GB,4.0,2010-11-28,Half2,1689.0,punt,2,8
74226,2010,ATL,GB,4.0,2010-11-28,Half2,1517.0,punt,5,20
74251,2010,ATL,GB,4.0,2010-11-28,Half2,867.0,run,1,80
74262,2010,ATL,GB,4.0,2010-11-28,Half2,560.0,pass,1,52
74268,2010,ATL,GB,4.0,2010-11-28,Half2,365.0,punt,4,20
74281,2010,ATL,GB,4.0,2010-11-28,Half2,131.0,pass,1,87
74285,2010,ATL,GB,4.0,2010-11-28,Half2,66.0,no_play,5,80
74286,2010,ATL,GB,4.0,2010-11-28,Half2,66.0,pass,10,90
74296,2010,ATL,GB,4.0,2010-11-28,Half2,13.0,field_goal,3,20
86230,2010,ATL,NO,4.0,2010-12-27,Half1,3525.0,punt,5,5
86234,2010,ATL,NO,4.0,2010-12-27,Half1,3470.0,punt,10,0
86239,2010,ATL,NO,4.0,2010-12-27,Half1,3343.0,punt,8,16
86243,2010,ATL,NO,4.0,2010-12-27,Half1,3248.0,punt,7,3
86247,2010,ATL,NO,4.0,2010-12-27,Half1,3162.0,punt,3,7
86253,2010,ATL,NO,4.0,2010-12-27,Half1,3029.0,punt,3,25
86261,2010,ATL,NO,4.0,2010-12-27,Half1,2766.0,field_goal,6,37
86291,2010,ATL,NO,4.0,2010-12-27,Half1,2167.0,punt,5,5
86296,2010,ATL,NO,4.0,2010-12-27,Half1,2068.0,punt,9,1
86310,2010,ATL,NO,4.0,2010-12-27,Half1,1829.0,punt,16,44
86330,2010,ATL,NO,4.0,2010-12-27,Half2,1359.0,punt,2,20
86338,2010,ATL,NO,4.0,2010-12-27,Half2,1213.0,punt,10,22
86345,2010,ATL,NO,4.0,2010-12-27,Half2,1051.0,punt,6,18
86349,2010,ATL,NO,4.0,2010-12-27,Half2,937.0,punt,2,8
86365,2010,ATL,NO,4.0,2010-12-27,Half2,641.0,punt,9,11
86386,2010,ATL,NO,4.0,2010-12-27,Half2,172.0,punt,6,24
88464,2010,ATL,CAR,4.0,2011-01-02,Half1,3220.0,punt,6,4
88475,2010,ATL,CAR,4.0,2011-01-02,Half1,2980.0,punt,7,3
88480,2010,ATL,CAR,4.0,2011-01-02,Half1,2843.0,punt,11,-1
88489,2010,ATL,CAR,4.0,2011-01-02,Half1,2655.0,pass,3,50
88503,2010,ATL,CAR,4.0,2011-01-02,Half1,2301.0,run,1,49
88508,2010,ATL,CAR,4.0,2011-01-02,Half1,2176.0,punt,6,23
88512,2010,ATL,CAR,4.0,2011-01-02,Half1,2085.0,punt,4,6
88521,2010,ATL,CAR,4.0,2011-01-02,Half1,1910.0,pass,2,5
88542,2010,ATL,CAR,4.0,2011-01-02,Half2,1654.0,field_goal,2,75
88549,2010,ATL,CAR,4.0,2011-01-02,Half2,1490.0,field_goal,9,16
88574,2010,ATL,CAR,4.0,2011-01-02,Half2,900.0,punt,2,20
88581,2010,ATL,CAR,4.0,2011-01-02,Half2,686.0,punt,1,24
88585,2010,ATL,CAR,4.0,2011-01-02,Half2,658.0,punt,20,-10
88592,2010,ATL,CAR,4.0,2011-01-02,Half2,505.0,punt,4,18
88596,2010,ATL,CAR,4.0,2011-01-02,Half2,408.0,punt,3,7
88603,2010,ATL,CAR,4.0,2011-01-02,Half2,211.0,punt,13,10
94593,2011,ATL,PHI,4.0,2011-09-18,Half1,3446.0,punt,2,19
94602,2011,ATL,PHI,4.0,2011-09-18,Half1,3181.0,punt,12,34
94606,2011,ATL,PHI,4.0,2011-09-18,Half1,3116.0,punt,8,2
94636,2011,ATL,PHI,4.0,2011-09-18,Half1,2386.0,punt,14,-4
94643,2011,ATL,PHI,4.0,2011-09-18,Half1,2209.0,field_goal,1,42
94648,2011,ATL,PHI,4.0,2011-09-18,Half1,2102.0,punt,7,3
94677,2011,ATL,PHI,4.0,2011-09-18,Half2,1688.0,punt,5,5
94699,2011,ATL,PHI,4.0,2011-09-18,Half2,1316.0,punt,11,-1
94705,2011,ATL,PHI,4.0,2011-09-18,Half2,1242.0,punt,7,34
94709,2011,ATL,PHI,4.0,2011-09-18,Half2,1150.0,punt,9,1
94739,2011,ATL,PHI,4.0,2011-09-18,Half2,500.0,punt,1,28
94759,2011,ATL,PHI,4.0,2011-09-18,Half2,105.0,pass,4,69
94765,2011,ATL,PHI,4.0,2011-09-18,Half2,15.0,punt,14,-4
102630,2011,ATL,GB,4.0,2011-10-09,Half1,2129.0,field_goal,14,70
102636,2011,ATL,GB,4.0,2011-10-09,Half1,2072.0,punt,20,-10
102647,2011,ATL,GB,4.0,2011-10-09,Half1,1813.0,field_goal,12,27
102655,2011,ATL,GB,4.0,2011-10-09,Half2,1713.0,punt,6,4
102664,2011,ATL,GB,4.0,2011-10-09,Half2,1429.0,punt,12,21
102672,2011,ATL,GB,4.0,2011-10-09,Half2,1233.0,field_goal,5,45
102678,2011,ATL,GB,4.0,2011-10-09,Half2,1144.0,punt,4,6
102685,2011,ATL,GB,4.0,2011-10-09,Half2,1041.0,punt,15,-5
102700,2011,ATL,GB,4.0,2011-10-09,Half2,827.0,punt,7,3
102708,2011,ATL,GB,4.0,2011-10-09,Half2,676.0,punt,11,11
102731,2011,ATL,GB,4.0,2011-10-09,Half2,74.0,field_goal,10,66
103976,2011,ATL,CAR,4.0,2011-10-16,Half1,3413.0,punt,3,30
103991,2011,ATL,CAR,4.0,2011-10-16,Half1,2998.0,no_play,3,64
103992,2011,ATL,CAR,4.0,2011-10-16,Half1,2998.0,field_goal,8,64
104045,2011,ATL,CAR,4.0,2011-10-16,Half1,1808.0,punt,3,7
104068,2011,ATL,CAR,4.0,2011-10-16,Half2,1141.0,punt,6,18
104072,2011,ATL,CAR,4.0,2011-10-16,Half2,1058.0,punt,17,-7
104083,2011,ATL,CAR,4.0,2011-10-16,Half2,855.0,field_goal,6,43
104089,2011,ATL,CAR,4.0,2011-10-16,Half2,755.0,punt,3,7
104124,2011,ATL,CAR,4.0,2011-10-16,Half2,19.0,pass,1,62
113790,2011,ATL,NO,4.0,2011-11-13,Half1,3084.0,field_goal,16,61
113799,2011,ATL,NO,4.0,2011-11-13,Half1,2873.0,field_goal,7,30
113804,2011,ATL,NO,4.0,2011-11-13,Half1,2780.0,punt,1,9
113808,2011,ATL,NO,4.0,2011-11-13,Half1,2694.0,punt,8,2
113817,2011,ATL,NO,4.0,2011-11-13,Half1,2369.0,field_goal,5,45
113825,2011,ATL,NO,4.0,2011-11-13,Half1,2198.0,punt,5,32
113830,2011,ATL,NO,4.0,2011-11-13,Half1,2030.0,punt,17,4
113839,2011,ATL,NO,4.0,2011-11-13,Half1,1916.0,punt,1,9
113843,2011,ATL,NO,4.0,2011-11-13,Half1,1877.0,punt,3,7
113865,2011,ATL,NO,4.0,2011-11-13,Half2,1577.0,field_goal,4,60
113874,2011,ATL,NO,4.0,2011-11-13,Half2,1262.0,run,1,49
113899,2011,ATL,NO,4.0,2011-11-13,Half2,722.0,field_goal,25,-4
113905,2011,ATL,NO,4.0,2011-11-13,Half2,655.0,punt,7,27
113914,2011,ATL,NO,4.0,2011-11-13,Half2,438.0,field_goal,4,62
113923,2011,ATL,NO,4.0,2011-11-13,Half2,269.0,pass,3,81
113938,2011,ATL,NO,4.0,2011-11-13,Half2,127.0,no_play,5,7
113939,2011,ATL,NO,4.0,2011-11-13,Half2,122.0,punt,15,7
113955,2011,ATL,NO,4.0,2011-11-13,Half2,4.0,field_goal,9,85
113960,2011,ATL,NO,4.0,2011-11-13,Overtime,848.0,punt,2,8
113964,2011,ATL,NO,4.0,2011-11-13,Overtime,734.0,punt,1,9
113970,2011,ATL,NO,4.0,2011-11-13,Overtime,652.0,run,1,9
115374,2011,ATL,TEN,4.0,2011-11-20,Half1,3510.0,punt,7,3
115404,2011,ATL,TEN,4.0,2011-11-20,Half1,2652.0,field_goal,1,43
115413,2011,ATL,TEN,4.0,2011-11-20,Half1,2476.0,punt,16,13
115421,2011,ATL,TEN,4.0,2011-11-20,Half1,2243.0,field_goal,8,64
115432,2011,ATL,TEN,4.0,2011-11-20,Half1,2021.0,punt,14,20
115441,2011,ATL,TEN,4.0,2011-11-20,Half1,1868.0,punt,2,40
115470,2011,ATL,TEN,4.0,2011-11-20,Half2,1504.0,punt,6,15
115476,2011,ATL,TEN,4.0,2011-11-20,Half2,1304.0,run,1,45
115482,2011,ATL,TEN,4.0,2011-11-20,Half2,1091.0,field_goal,6,73
115496,2011,ATL,TEN,4.0,2011-11-20,Half2,872.0,punt,9,23
115503,2011,ATL,TEN,4.0,2011-11-20,Half2,738.0,punt,10,11
115512,2011,ATL,TEN,4.0,2011-11-20,Half2,431.0,no_play,1,57
115523,2011,ATL,TEN,4.0,2011-11-20,Half2,280.0,pass,17,48
118523,2011,ATL,MIN,4.0,2011-11-27,Half1,3513.0,punt,3,7
118527,2011,ATL,MIN,4.0,2011-11-27,Half1,3416.0,punt,14,-4
118547,2011,ATL,MIN,4.0,2011-11-27,Half1,2901.0,punt,1,25
118559,2011,ATL,MIN,4.0,2011-11-27,Half1,2612.0,punt,18,30
118565,2011,ATL,MIN,4.0,2011-11-27,Half1,2419.0,punt,7,17
118584,2011,ATL,MIN,4.0,2011-11-27,Half1,1936.0,punt,15,-5
118592,2011,ATL,MIN,4.0,2011-11-27,Half1,1842.0,field_goal,5,17
118607,2011,ATL,MIN,4.0,2011-11-27,Half2,1748.0,punt,9,1
118611,2011,ATL,MIN,4.0,2011-11-27,Half2,1619.0,punt,1,9
118633,2011,ATL,MIN,4.0,2011-11-27,Half2,930.0,punt,4,19
118638,2011,ATL,MIN,4.0,2011-11-27,Half2,858.0,punt,8,2
118643,2011,ATL,MIN,4.0,2011-11-27,Half2,800.0,pass,13,36
118649,2011,ATL,MIN,4.0,2011-11-27,Half2,731.0,punt,4,6
118653,2011,ATL,MIN,4.0,2011-11-27,Half2,647.0,punt,5,5
118669,2011,ATL,MIN,4.0,2011-11-27,Half2,262.0,run,1,0
126189,2011,ATL,JAX,4.0,2011-12-15,Half1,3244.0,punt,6,4
126199,2011,ATL,JAX,4.0,2011-12-15,Half1,2911.0,no_play,1,43
126200,2011,ATL,JAX,4.0,2011-12-15,Half1,2902.0,field_goal,6,43
126209,2011,ATL,JAX,4.0,2011-12-15,Half1,2700.0,punt,11,9
126214,2011,ATL,JAX,4.0,2011-12-15,Half1,2599.0,punt,8,2
126222,2011,ATL,JAX,4.0,2011-12-15,Half1,2487.0,punt,11,42
126230,2011,ATL,JAX,4.0,2011-12-15,Half1,2292.0,punt,11,22
126234,2011,ATL,JAX,4.0,2011-12-15,Half1,2157.0,punt,1,9
126256,2011,ATL,JAX,4.0,2011-12-15,Half1,1803.0,field_goal,4,6
126265,2011,ATL,JAX,4.0,2011-12-15,Half2,1614.0,punt,8,2
126280,2011,ATL,JAX,4.0,2011-12-15,Half2,1190.0,punt,22,-12
126284,2011,ATL,JAX,4.0,2011-12-15,Half2,1044.0,punt,3,7
126289,2011,ATL,JAX,4.0,2011-12-15,Half2,947.0,punt,6,4
126294,2011,ATL,JAX,4.0,2011-12-15,Half2,897.0,punt,4,6
126298,2011,ATL,JAX,4.0,2011-12-15,Half2,762.0,punt,1,9
126317,2011,ATL,JAX,4.0,2011-12-15,Half2,201.0,run,10,50
133517,2011,ATL,TB,4.0,2012-01-01,Half1,3093.0,punt,15,-5
133544,2011,ATL,TB,4.0,2012-01-01,Half1,2503.0,run,1,30
133557,2011,ATL,TB,4.0,2012-01-01,Half1,2267.0,punt,15,13
133588,2011,ATL,TB,4.0,2012-01-01,Half2,1682.0,punt,6,15
133595,2011,ATL,TB,4.0,2012-01-01,Half2,1496.0,punt,1,28
133606,2011,ATL,TB,4.0,2012-01-01,Half2,1164.0,field_goal,13,53
133615,2011,ATL,TB,4.0,2012-01-01,Half2,988.0,punt,8,14
133640,2011,ATL,TB,4.0,2012-01-01,Half2,373.0,pass,2,8
133644,2011,ATL,TB,4.0,2012-01-01,Half2,242.0,field_goal,2,8
140025,2012,ATL,DEN,4.0,2012-09-17,Half1,3291.0,field_goal,12,24
140037,2012,ATL,DEN,4.0,2012-09-17,Half1,3035.0,punt,9,1
140042,2012,ATL,DEN,4.0,2012-09-17,Half1,2877.0,punt,1,40
140046,2012,ATL,DEN,4.0,2012-09-17,Half1,2791.0,punt,3,7
140063,2012,ATL,DEN,4.0,2012-09-17,Half1,2410.0,field_goal,2,59
140069,2012,ATL,DEN,4.0,2012-09-17,Half1,2331.0,punt,2,8
140087,2012,ATL,DEN,4.0,2012-09-17,Half1,1970.0,no_play,1,48
140110,2012,ATL,DEN,4.0,2012-09-17,Half2,1583.0,punt,4,30
140114,2012,ATL,DEN,4.0,2012-09-17,Half2,1538.0,punt,9,1
140127,2012,ATL,DEN,4.0,2012-09-17,Half2,1257.0,punt,1,9
140137,2012,ATL,DEN,4.0,2012-09-17,Half2,1019.0,punt,1,37
140160,2012,ATL,DEN,4.0,2012-09-17,Half2,587.0,punt,16,-6
140166,2012,ATL,DEN,4.0,2012-09-17,Half2,452.0,punt,19,6
140170,2012,ATL,DEN,4.0,2012-09-17,Half2,385.0,punt,7,3
140179,2012,ATL,DEN,4.0,2012-09-17,Half2,209.0,run,2,45
144058,2012,ATL,CAR,4.0,2012-09-30,Half1,3566.0,punt,21,-11
144087,2012,ATL,CAR,4.0,2012-09-30,Half1,2823.0,punt,9,12
144099,2012,ATL,CAR,4.0,2012-09-30,Half1,2596.0,field_goal,14,7
144113,2012,ATL,CAR,4.0,2012-09-30,Half1,2244.0,punt,3,7
144117,2012,ATL,CAR,4.0,2012-09-30,Half1,2144.0,punt,5,5
144145,2012,ATL,CAR,4.0,2012-09-30,Half2,1621.0,punt,9,11
144172,2012,ATL,CAR,4.0,2012-09-30,Half2,942.0,punt,16,8
144178,2012,ATL,CAR,4.0,2012-09-30,Half2,860.0,punt,5,5
144186,2012,ATL,CAR,4.0,2012-09-30,Half2,685.0,punt,11,40
144204,2012,ATL,CAR,4.0,2012-09-30,Half2,300.0,field_goal,12,65
144209,2012,ATL,CAR,4.0,2012-09-30,Half2,205.0,punt,8,2
144213,2012,ATL,CAR,4.0,2012-09-30,Half2,154.0,punt,11,-1
144223,2012,ATL,CAR,4.0,2012-09-30,Half2,104.0,no_play,1,18
144224,2012,ATL,CAR,4.0,2012-09-30,Half2,69.0,punt,6,18
148473,2012,ATL,OAK,4.0,2012-10-14,Half1,3302.0,field_goal,3,7
148482,2012,ATL,OAK,4.0,2012-10-14,Half1,3025.0,punt,8,27
148493,2012,ATL,OAK,4.0,2012-10-14,Half1,2728.0,field_goal,20,65
148518,2012,ATL,OAK,4.0,2012-10-14,Half1,2055.0,field_goal,4,76
148534,2012,ATL,OAK,4.0,2012-10-14,Half1,1854.0,punt,2,8
148541,2012,ATL,OAK,4.0,2012-10-14,Half2,1717.0,punt,6,4
148545,2012,ATL,OAK,4.0,2012-10-14,Half2,1624.0,punt,5,5
148553,2012,ATL,OAK,4.0,2012-10-14,Half2,1423.0,no_play,7,33
148562,2012,ATL,OAK,4.0,2012-10-14,Half2,1210.0,field_goal,10,47
148570,2012,ATL,OAK,4.0,2012-10-14,Half2,1055.0,field_goal,2,0
148580,2012,ATL,OAK,4.0,2012-10-14,Half2,883.0,punt,5,32
148584,2012,ATL,OAK,4.0,2012-10-14,Half2,824.0,punt,9,1
148593,2012,ATL,OAK,4.0,2012-10-14,Half2,529.0,punt,13,32
148599,2012,ATL,OAK,4.0,2012-10-14,Half2,386.0,punt,1,25
157733,2012,ATL,DAL,4.0,2012-11-04,Half1,3547.0,punt,9,1
157740,2012,ATL,DAL,4.0,2012-11-04,Half1,3349.0,field_goal,5,27
157751,2012,ATL,DAL,4.0,2012-11-04,Half1,3080.0,field_goal,3,61
157759,2012,ATL,DAL,4.0,2012-11-04,Half1,2927.0,field_goal,6,59
157768,2012,ATL,DAL,4.0,2012-11-04,Half1,2659.0,field_goal,5,46
157780,2012,ATL,DAL,4.0,2012-11-04,Half1,2377.0,field_goal,7,45
157788,2012,ATL,DAL,4.0,2012-11-04,Half1,2184.0,punt,3,20
157800,2012,ATL,DAL,4.0,2012-11-04,Half1,1871.0,punt,1,46
157818,2012,ATL,DAL,4.0,2012-11-04,Half2,1608.0,punt,16,33
157828,2012,ATL,DAL,4.0,2012-11-04,Half2,1308.0,field_goal,11,61
157836,2012,ATL,DAL,4.0,2012-11-04,Half2,1082.0,no_play,13,3
157837,2012,ATL,DAL,4.0,2012-11-04,Half2,1070.0,punt,18,3
157850,2012,ATL,DAL,4.0,2012-11-04,Half2,769.0,punt,3,7
157859,2012,ATL,DAL,4.0,2012-11-04,Half2,473.0,field_goal,10,62
157887,2012,ATL,DAL,4.0,2012-11-04,Half2,22.0,field_goal,2,66
161068,2012,ATL,ARI,4.0,2012-11-18,Half1,3492.0,punt,10,0
161073,2012,ATL,ARI,4.0,2012-11-18,Half1,3363.0,field_goal,10,40
161079,2012,ATL,ARI,4.0,2012-11-18,Half1,3201.0,punt,1,21
161083,2012,ATL,ARI,4.0,2012-11-18,Half1,3099.0,punt,10,0
161092,2012,ATL,ARI,4.0,2012-11-18,Half1,2931.0,punt,5,5
161099,2012,ATL,ARI,4.0,2012-11-18,Half1,2766.0,field_goal,1,9
161115,2012,ATL,ARI,4.0,2012-11-18,Half1,2384.0,field_goal,2,47
161124,2012,ATL,ARI,4.0,2012-11-18,Half1,2216.0,punt,13,-3
161135,2012,ATL,ARI,4.0,2012-11-18,Half1,1916.0,field_goal,10,81
161145,2012,ATL,ARI,4.0,2012-11-18,Half1,1837.0,field_goal,5,74
161168,2012,ATL,ARI,4.0,2012-11-18,Half2,1461.0,punt,21,20
161180,2012,ATL,ARI,4.0,2012-11-18,Half2,1217.0,punt,14,-4
161184,2012,ATL,ARI,4.0,2012-11-18,Half2,1123.0,punt,6,4
161188,2012,ATL,ARI,4.0,2012-11-18,Half2,1019.0,punt,3,7
161194,2012,ATL,ARI,4.0,2012-11-18,Half2,900.0,field_goal,3,7
161202,2012,ATL,ARI,4.0,2012-11-18,Half2,712.0,punt,2,24
161206,2012,ATL,ARI,4.0,2012-11-18,Half2,592.0,punt,1,9
161219,2012,ATL,ARI,4.0,2012-11-18,Half2,313.0,punt,19,-9
161226,2012,ATL,ARI,4.0,2012-11-18,Half2,193.0,pass,2,8
165950,2012,ATL,NO,4.0,2012-11-29,Half1,3176.0,punt,7,3
165957,2012,ATL,NO,4.0,2012-11-29,Half1,3006.0,punt,2,19
165963,2012,ATL,NO,4.0,2012-11-29,Half1,2905.0,punt,10,24
165967,2012,ATL,NO,4.0,2012-11-29,Half1,2808.0,punt,2,8
165981,2012,ATL,NO,4.0,2012-11-29,Half1,2513.0,punt,15,7
165985,2012,ATL,NO,4.0,2012-11-29,Half1,2406.0,punt,1,9
165990,2012,ATL,NO,4.0,2012-11-29,Half1,2338.0,field_goal,8,2
166012,2012,ATL,NO,4.0,2012-11-29,Half1,1944.0,punt,1,9
166038,2012,ATL,NO,4.0,2012-11-29,Half2,1408.0,field_goal,3,83
166044,2012,ATL,NO,4.0,2012-11-29,Half2,1313.0,punt,7,3
166052,2012,ATL,NO,4.0,2012-11-29,Half2,1138.0,field_goal,2,36
166057,2012,ATL,NO,4.0,2012-11-29,Half2,1113.0,punt,10,0
166069,2012,ATL,NO,4.0,2012-11-29,Half2,893.0,field_goal,11,30
166079,2012,ATL,NO,4.0,2012-11-29,Half2,614.0,punt,11,38
166091,2012,ATL,NO,4.0,2012-11-29,Half2,269.0,field_goal,8,43
172005,2012,ATL,NYG,4.0,2012-12-16,Half1,3149.0,field_goal,3,68
172021,2012,ATL,NYG,4.0,2012-12-16,Half1,2734.0,punt,9,1
172028,2012,ATL,NYG,4.0,2012-12-16,Half1,2575.0,punt,4,16
172035,2012,ATL,NYG,4.0,2012-12-16,Half1,2426.0,field_goal,2,8
172045,2012,ATL,NYG,4.0,2012-12-16,Half1,2168.0,run,1,48
172051,2012,ATL,NYG,4.0,2012-12-16,Half1,2030.0,punt,17,7
172062,2012,ATL,NYG,4.0,2012-12-16,Half1,1874.0,pass,1,79
172087,2012,ATL,NYG,4.0,2012-12-16,Half2,1317.0,pass,2,55
172100,2012,ATL,NYG,4.0,2012-12-16,Half2,914.0,field_goal,1,73
172106,2012,ATL,NYG,4.0,2012-12-16,Half2,865.0,punt,3,7
178962,2012,ATL,TB,4.0,2012-12-30,Half1,3356.0,punt,1,37
178971,2012,ATL,TB,4.0,2012-12-30,Half1,3088.0,field_goal,2,60
178981,2012,ATL,TB,4.0,2012-12-30,Half1,2847.0,field_goal,4,62
178990,2012,ATL,TB,4.0,2012-12-30,Half1,2700.0,punt,2,27
178994,2012,ATL,TB,4.0,2012-12-30,Half1,2569.0,punt,1,9
179011,2012,ATL,TB,4.0,2012-12-30,Half1,2173.0,punt,8,17
179018,2012,ATL,TB,4.0,2012-12-30,Half1,1987.0,field_goal,4,22
179025,2012,ATL,TB,4.0,2012-12-30,Half1,1909.0,punt,1,37
179030,2012,ATL,TB,4.0,2012-12-30,Half1,1881.0,punt,8,2
179037,2012,ATL,TB,4.0,2012-12-30,Half1,1805.0,pass,3,-7
179049,2012,ATL,TB,4.0,2012-12-30,Half2,1552.0,field_goal,10,56
179056,2012,ATL,TB,4.0,2012-12-30,Half2,1386.0,punt,4,17
179077,2012,ATL,TB,4.0,2012-12-30,Half2,938.0,punt,1,9
179083,2012,ATL,TB,4.0,2012-12-30,Half2,846.0,punt,15,-5
179087,2012,ATL,TB,4.0,2012-12-30,Half2,754.0,punt,5,5
179091,2012,ATL,TB,4.0,2012-12-30,Half2,696.0,punt,10,0
179101,2012,ATL,TB,4.0,2012-12-30,Half2,427.0,pass,7,52
179110,2012,ATL,TB,4.0,2012-12-30,Half2,237.0,punt,6,15
179117,2012,ATL,TB,4.0,2012-12-30,Half2,127.0,pass,10,14
183048,2013,ATL,LAR,4.0,2013-09-15,Half1,3097.0,punt,3,7
183054,2013,ATL,LAR,4.0,2013-09-15,Half1,2960.0,punt,6,19
183060,2013,ATL,LAR,4.0,2013-09-15,Half1,2826.0,punt,9,18
183074,2013,ATL,LAR,4.0,2013-09-15,Half1,2544.0,run,1,48
183087,2013,ATL,LAR,4.0,2013-09-15,Half1,2193.0,field_goal,5,69
183092,2013,ATL,LAR,4.0,2013-09-15,Half1,2103.0,punt,1,9
183098,2013,ATL,LAR,4.0,2013-09-15,Half1,1996.0,punt,10,15
183120,2013,ATL,LAR,4.0,2013-09-15,Half2,1730.0,punt,5,5
183124,2013,ATL,LAR,4.0,2013-09-15,Half2,1611.0,punt,17,-7
183130,2013,ATL,LAR,4.0,2013-09-15,Half2,1496.0,punt,1,24
183136,2013,ATL,LAR,4.0,2013-09-15,Half2,1338.0,punt,5,23
183140,2013,ATL,LAR,4.0,2013-09-15,Half2,1246.0,punt,5,5
183145,2013,ATL,LAR,4.0,2013-09-15,Half2,1112.0,punt,18,-8
183158,2013,ATL,LAR,4.0,2013-09-15,Half2,900.0,punt,11,-1
183193,2013,ATL,LAR,4.0,2013-09-15,Half2,188.0,pass,1,54
183198,2013,ATL,LAR,4.0,2013-09-15,Half2,148.0,no_play,2,70
190992,2013,ATL,NE,4.0,2013-09-29,Half1,3267.0,field_goal,5,75
191001,2013,ATL,NE,4.0,2013-09-29,Half1,3083.0,no_play,6,24
191008,2013,ATL,NE,4.0,2013-09-29,Half1,2941.0,punt,20,-10
191036,2013,ATL,NE,4.0,2013-09-29,Half1,2182.0,pass,2,67
191043,2013,ATL,NE,4.0,2013-09-29,Half1,2007.0,field_goal,8,62
191065,2013,ATL,NE,4.0,2013-09-29,Half2,1689.0,punt,20,-10
191070,2013,ATL,NE,4.0,2013-09-29,Half2,1611.0,punt,7,16
191085,2013,ATL,NE,4.0,2013-09-29,Half2,1229.0,field_goal,4,89
191094,2013,ATL,NE,4.0,2013-09-29,Half2,1022.0,punt,16,27
191112,2013,ATL,NE,4.0,2013-09-29,Half2,717.0,field_goal,14,53
191128,2013,ATL,NE,4.0,2013-09-29,Half2,383.0,field_goal,5,28
191148,2013,ATL,NE,4.0,2013-09-29,Half2,180.0,field_goal,1,45
191155,2013,ATL,NE,4.0,2013-09-29,Half2,114.0,run,1,8
191161,2013,ATL,NE,4.0,2013-09-29,Half2,41.0,pass,7,52
193674,2013,ATL,NYJ,4.0,2013-10-07,Half1,3406.0,punt,5,24
193684,2013,ATL,NYJ,4.0,2013-10-07,Half1,3051.0,field_goal,1,40
193712,2013,ATL,NYJ,4.0,2013-10-07,Half1,2347.0,punt,14,-4
193734,2013,ATL,NYJ,4.0,2013-10-07,Half1,1807.0,no_play,1,75
193741,2013,ATL,NYJ,4.0,2013-10-07,Half2,1705.0,punt,12,-2
193758,2013,ATL,NYJ,4.0,2013-10-07,Half2,1242.0,punt,5,17
193768,2013,ATL,NYJ,4.0,2013-10-07,Half2,945.0,field_goal,13,9
193774,2013,ATL,NYJ,4.0,2013-10-07,Half2,863.0,punt,12,-2
193797,2013,ATL,NYJ,4.0,2013-10-07,Half2,352.0,punt,7,3
193803,2013,ATL,NYJ,4.0,2013-10-07,Half2,255.0,pass,1,49
193807,2013,ATL,NYJ,4.0,2013-10-07,Half2,132.0,no_play,3,60
196663,2013,ATL,TB,4.0,2013-10-20,Half1,3483.0,punt,3,7
196675,2013,ATL,TB,4.0,2013-10-20,Half1,3253.0,punt,1,22
196683,2013,ATL,TB,4.0,2013-10-20,Half1,3078.0,punt,8,22
196692,2013,ATL,TB,4.0,2013-10-20,Half1,2878.0,punt,9,37
196720,2013,ATL,TB,4.0,2013-10-20,Half1,2263.0,field_goal,5,78
196725,2013,ATL,TB,4.0,2013-10-20,Half1,2148.0,punt,11,-1
196746,2013,ATL,TB,4.0,2013-10-20,Half1,1803.0,field_goal,17,63
196751,2013,ATL,TB,4.0,2013-10-20,Half2,1710.0,punt,6,4
196759,2013,ATL,TB,4.0,2013-10-20,Half2,1530.0,run,1,22
196767,2013,ATL,TB,4.0,2013-10-20,Half2,1364.0,punt,7,3
196777,2013,ATL,TB,4.0,2013-10-20,Half2,1083.0,punt,5,26
196796,2013,ATL,TB,4.0,2013-10-20,Half2,641.0,pass,2,51
196802,2013,ATL,TB,4.0,2013-10-20,Half2,463.0,run,2,73
196807,2013,ATL,TB,4.0,2013-10-20,Half2,317.0,no_play,13,55
196809,2013,ATL,TB,4.0,2013-10-20,Half2,304.0,field_goal,23,55
196816,2013,ATL,TB,4.0,2013-10-20,Half2,244.0,punt,10,0
196823,2013,ATL,TB,4.0,2013-10-20,Half2,120.0,field_goal,6,43
203924,2013,ATL,SEA,4.0,2013-11-10,Half1,3525.0,punt,4,6
203935,2013,ATL,SEA,4.0,2013-11-10,Half1,3157.0,field_goal,7,48
203941,2013,ATL,SEA,4.0,2013-11-10,Half1,3054.0,punt,10,20
203950,2013,ATL,SEA,4.0,2013-11-10,Half1,2814.0,punt,16,55
203955,2013,ATL,SEA,4.0,2013-11-10,Half1,2700.0,punt,1,9
203962,2013,ATL,SEA,4.0,2013-11-10,Half1,2518.0,field_goal,6,34
203973,2013,ATL,SEA,4.0,2013-11-10,Half1,2197.0,field_goal,11,45
203982,2013,ATL,SEA,4.0,2013-11-10,Half1,2041.0,punt,1,9
203987,2013,ATL,SEA,4.0,2013-11-10,Half1,1916.0,field_goal,7,49
203994,2013,ATL,SEA,4.0,2013-11-10,Half1,1876.0,punt,4,16
204021,2013,ATL,SEA,4.0,2013-11-10,Half2,1375.0,field_goal,11,45
204037,2013,ATL,SEA,4.0,2013-11-10,Half2,967.0,pass,3,82
204074,2013,ATL,SEA,4.0,2013-11-10,Half2,115.0,punt,11,34
208826,2013,ATL,NO,4.0,2013-11-21,Half1,3492.0,punt,7,3
208863,2013,ATL,NO,4.0,2013-11-21,Half1,2546.0,field_goal,6,59
208887,2013,ATL,NO,4.0,2013-11-21,Half1,1964.0,field_goal,6,74
208892,2013,ATL,NO,4.0,2013-11-21,Half1,1917.0,punt,1,9
208898,2013,ATL,NO,4.0,2013-11-21,Half1,1841.0,punt,10,20
208912,2013,ATL,NO,4.0,2013-11-21,Half2,1622.0,punt,10,11
208917,2013,ATL,NO,4.0,2013-11-21,Half2,1511.0,punt,1,25
208921,2013,ATL,NO,4.0,2013-11-21,Half2,1421.0,punt,2,8
208930,2013,ATL,NO,4.0,2013-11-21,Half2,1182.0,field_goal,6,55
208956,2013,ATL,NO,4.0,2013-11-21,Half2,481.0,punt,13,40
208970,2013,ATL,NO,4.0,2013-11-21,Half2,144.0,field_goal,15,57
208984,2013,ATL,NO,4.0,2013-11-21,Half2,12.0,run,19,20
217102,2013,ATL,WAS,4.0,2013-12-15,Half1,2568.0,punt,13,11
217107,2013,ATL,WAS,4.0,2013-12-15,Half1,2443.0,field_goal,2,12
217117,2013,ATL,WAS,4.0,2013-12-15,Half1,2294.0,punt,4,6
217129,2013,ATL,WAS,4.0,2013-12-15,Half1,2089.0,punt,18,-8
217141,2013,ATL,WAS,4.0,2013-12-15,Half1,1854.0,field_goal,10,53
217155,2013,ATL,WAS,4.0,2013-12-15,Half2,1746.0,punt,5,5
217167,2013,ATL,WAS,4.0,2013-12-15,Half2,1418.0,no_play,1,57
217168,2013,ATL,WAS,4.0,2013-12-15,Half2,1414.0,run,1,57
217176,2013,ATL,WAS,4.0,2013-12-15,Half2,1279.0,punt,6,4
217184,2013,ATL,WAS,4.0,2013-12-15,Half2,1044.0,punt,3,26
217188,2013,ATL,WAS,4.0,2013-12-15,Half2,1015.0,punt,6,4
217193,2013,ATL,WAS,4.0,2013-12-15,Half2,900.0,punt,5,5
217209,2013,ATL,WAS,4.0,2013-12-15,Half2,358.0,punt,9,17
217214,2013,ATL,WAS,4.0,2013-12-15,Half2,211.0,field_goal,4,6
222512,2013,ATL,CAR,4.0,2013-12-29,Half1,3170.0,punt,10,0
222516,2013,ATL,CAR,4.0,2013-12-29,Half1,3073.0,punt,8,2
222523,2013,ATL,CAR,4.0,2013-12-29,Half1,2868.0,punt,9,12
222528,2013,ATL,CAR,4.0,2013-12-29,Half1,2722.0,punt,14,-4
222543,2013,ATL,CAR,4.0,2013-12-29,Half1,2405.0,field_goal,14,31
222558,2013,ATL,CAR,4.0,2013-12-29,Half1,2068.0,punt,6,41
222583,2013,ATL,CAR,4.0,2013-12-29,Half2,1671.0,punt,2,27
222608,2013,ATL,CAR,4.0,2013-12-29,Half2,1050.0,punt,18,-8
222612,2013,ATL,CAR,4.0,2013-12-29,Half2,950.0,punt,6,4
222626,2013,ATL,CAR,4.0,2013-12-29,Half2,558.0,run,1,71
222630,2013,ATL,CAR,4.0,2013-12-29,Half2,434.0,field_goal,10,71
222638,2013,ATL,CAR,4.0,2013-12-29,Half2,211.0,punt,9,16
222642,2013,ATL,CAR,4.0,2013-12-29,Half2,120.0,punt,18,-8
222649,2013,ATL,CAR,4.0,2013-12-29,Half2,88.0,punt,7,3
225405,2014,ATL,NO,4.0,2014-09-07,Half1,3338.0,field_goal,5,67
225411,2014,ATL,NO,4.0,2014-09-07,Half1,3227.0,punt,11,-1
225421,2014,ATL,NO,4.0,2014-09-07,Half1,2984.0,field_goal,10,28
225506,2014,ATL,NO,4.0,2014-09-07,Half2,1339.0,punt,8,23
225511,2014,ATL,NO,4.0,2014-09-07,Half2,1247.0,punt,1,19
225543,2014,ATL,NO,4.0,2014-09-07,Half2,432.0,punt,5,5
225547,2014,ATL,NO,4.0,2014-09-07,Half2,391.0,punt,6,4
225582,2014,ATL,NO,4.0,2014-09-07,Half2,4.0,field_goal,9,47
225589,2014,ATL,NO,4.0,2014-09-07,Overtime,802.0,field_goal,6,4
230957,2014,ATL,TB,4.0,2014-09-18,Half1,3331.0,,4,6
230958,2014,ATL,TB,4.0,2014-09-18,Half1,3315.0,punt,4,6
230995,2014,ATL,TB,4.0,2014-09-18,Half1,2574.0,punt,22,-12
231006,2014,ATL,TB,4.0,2014-09-18,Half1,2245.0,punt,6,4
231012,2014,ATL,TB,4.0,2014-09-18,Half1,2098.0,punt,9,37
231018,2014,ATL,TB,4.0,2014-09-18,Half1,2009.0,punt,10,0
231027,2014,ATL,TB,4.0,2014-09-18,Half1,1892.0,punt,16,5
231050,2014,ATL,TB,4.0,2014-09-18,Half2,1579.0,punt,28,-18
231068,2014,ATL,TB,4.0,2014-09-18,Half2,1207.0,punt,13,12
231084,2014,ATL,TB,4.0,2014-09-18,Half2,821.0,run,1,38
231111,2014,ATL,TB,4.0,2014-09-18,Half2,114.0,no_play,9,29
231112,2014,ATL,TB,4.0,2014-09-18,Half2,114.0,punt,14,29
238965,2014,ATL,CHI,4.0,2014-10-12,Half1,3496.0,punt,8,17
238973,2014,ATL,CHI,4.0,2014-10-12,Half1,3286.0,field_goal,10,32
238982,2014,ATL,CHI,4.0,2014-10-12,Half1,3023.0,punt,5,31
238986,2014,ATL,CHI,4.0,2014-10-12,Half1,2917.0,punt,3,7
238998,2014,ATL,CHI,4.0,2014-10-12,Half1,2691.0,field_goal,3,54
239007,2014,ATL,CHI,4.0,2014-10-12,Half1,2445.0,punt,15,36
239024,2014,ATL,CHI,4.0,2014-10-12,Half1,2056.0,punt,10,19
239040,2014,ATL,CHI,4.0,2014-10-12,Half1,1806.0,field_goal,2,83
239060,2014,ATL,CHI,4.0,2014-10-12,Half2,1483.0,punt,3,7
239070,2014,ATL,CHI,4.0,2014-10-12,Half2,1284.0,field_goal,3,33
239080,2014,ATL,CHI,4.0,2014-10-12,Half2,1129.0,punt,1,9
239104,2014,ATL,CHI,4.0,2014-10-12,Half2,553.0,no_play,14,-12
239105,2014,ATL,CHI,4.0,2014-10-12,Half2,545.0,punt,22,0
239111,2014,ATL,CHI,4.0,2014-10-12,Half2,327.0,punt,5,25
239116,2014,ATL,CHI,4.0,2014-10-12,Half2,228.0,pass,14,19
239121,2014,ATL,CHI,4.0,2014-10-12,Half2,164.0,punt,8,2
239127,2014,ATL,CHI,4.0,2014-10-12,Half2,90.0,pass,1,21
244362,2014,ATL,DET,4.0,2014-10-26,Half1,3094.0,punt,13,10
244386,2014,ATL,DET,4.0,2014-10-26,Half1,2569.0,punt,6,43
244390,2014,ATL,DET,4.0,2014-10-26,Half1,2479.0,punt,8,2
244394,2014,ATL,DET,4.0,2014-10-26,Half1,2416.0,punt,11,-1
244439,2014,ATL,DET,4.0,2014-10-26,Half2,1379.0,field_goal,4,76
244444,2014,ATL,DET,4.0,2014-10-26,Half2,1290.0,punt,14,-4
244464,2014,ATL,DET,4.0,2014-10-26,Half2,854.0,field_goal,2,5
244471,2014,ATL,DET,4.0,2014-10-26,Half2,693.0,punt,18,12
244499,2014,ATL,DET,4.0,2014-10-26,Half2,106.0,punt,10,40
254117,2014,ATL,CLE,4.0,2014-11-23,Half1,3471.0,punt,7,26
254124,2014,ATL,CLE,4.0,2014-11-23,Half1,3330.0,punt,8,13
254145,2014,ATL,CLE,4.0,2014-11-23,Half1,2831.0,no_play,1,47
254159,2014,ATL,CLE,4.0,2014-11-23,Half1,2602.0,field_goal,6,14
254169,2014,ATL,CLE,4.0,2014-11-23,Half1,2366.0,field_goal,6,21
254178,2014,ATL,CLE,4.0,2014-11-23,Half1,2156.0,punt,4,37
254218,2014,ATL,CLE,4.0,2014-11-23,Half2,1491.0,field_goal,14,66
254226,2014,ATL,CLE,4.0,2014-11-23,Half2,1303.0,no_play,15,5
254227,2014,ATL,CLE,4.0,2014-11-23,Half2,1251.0,punt,20,5
254271,2014,ATL,CLE,4.0,2014-11-23,Half2,226.0,punt,5,17
254284,2014,ATL,CLE,4.0,2014-11-23,Half2,49.0,field_goal,2,20
258751,2014,ATL,ARI,4.0,2014-11-30,Half1,3405.0,pass,1,71
258757,2014,ATL,ARI,4.0,2014-11-30,Half1,3355.0,punt,10,0
258763,2014,ATL,ARI,4.0,2014-11-30,Half1,3197.0,field_goal,2,30
258778,2014,ATL,ARI,4.0,2014-11-30,Half1,2924.0,punt,2,15
258796,2014,ATL,ARI,4.0,2014-11-30,Half1,2475.0,punt,2,34
258806,2014,ATL,ARI,4.0,2014-11-30,Half1,2207.0,punt,6,4
258815,2014,ATL,ARI,4.0,2014-11-30,Half1,1967.0,field_goal,13,54
258841,2014,ATL,ARI,4.0,2014-11-30,Half2,1569.0,punt,5,20
258852,2014,ATL,ARI,4.0,2014-11-30,Half2,1277.0,field_goal,3,85
258860,2014,ATL,ARI,4.0,2014-11-30,Half2,1072.0,punt,2,34
258870,2014,ATL,ARI,4.0,2014-11-30,Half2,762.0,field_goal,1,59
258875,2014,ATL,ARI,4.0,2014-11-30,Half2,697.0,punt,4,6
258879,2014,ATL,ARI,4.0,2014-11-30,Half2,561.0,no_play,1,4
258880,2014,ATL,ARI,4.0,2014-11-30,Half2,550.0,punt,6,4
258893,2014,ATL,ARI,4.0,2014-11-30,Half2,218.0,no_play,1,38
258899,2014,ATL,ARI,4.0,2014-11-30,Half2,154.0,field_goal,4,44
262452,2014,ATL,PIT,4.0,2014-12-14,Half1,3254.0,field_goal,5,60
262462,2014,ATL,PIT,4.0,2014-12-14,Half1,3011.0,punt,8,36
262471,2014,ATL,PIT,4.0,2014-12-14,Half1,2707.0,field_goal,7,72
262482,2014,ATL,PIT,4.0,2014-12-14,Half1,2503.0,punt,6,15
262486,2014,ATL,PIT,4.0,2014-12-14,Half1,2409.0,no_play,2,3
262487,2014,ATL,PIT,4.0,2014-12-14,Half1,2396.0,punt,7,3
262532,2014,ATL,PIT,4.0,2014-12-14,Half2,1564.0,field_goal,2,70
262538,2014,ATL,PIT,4.0,2014-12-14,Half2,1434.0,punt,16,5
262551,2014,ATL,PIT,4.0,2014-12-14,Half2,1065.0,field_goal,3,75
262582,2014,ATL,PIT,4.0,2014-12-14,Half2,391.0,punt,9,29
262586,2014,ATL,PIT,4.0,2014-12-14,Half2,290.0,punt,2,8
267967,2014,ATL,CAR,4.0,2014-12-28,Half1,3175.0,field_goal,2,77
267977,2014,ATL,CAR,4.0,2014-12-28,Half1,2997.0,punt,7,38
268000,2014,ATL,CAR,4.0,2014-12-28,Half1,2441.0,field_goal,3,35
268005,2014,ATL,CAR,4.0,2014-12-28,Half1,2376.0,punt,1,9
268009,2014,ATL,CAR,4.0,2014-12-28,Half1,2291.0,punt,11,-1
268015,2014,ATL,CAR,4.0,2014-12-28,Half1,2134.0,punt,9,32
268032,2014,ATL,CAR,4.0,2014-12-28,Half1,1847.0,punt,6,25
268039,2014,ATL,CAR,4.0,2014-12-28,Half2,1711.0,punt,22,-12
268049,2014,ATL,CAR,4.0,2014-12-28,Half2,1429.0,field_goal,10,29
268054,2014,ATL,CAR,4.0,2014-12-28,Half2,1361.0,punt,3,7
268058,2014,ATL,CAR,4.0,2014-12-28,Half2,1259.0,punt,2,8
268075,2014,ATL,CAR,4.0,2014-12-28,Half2,923.0,no_play,5,58
268090,2014,ATL,CAR,4.0,2014-12-28,Half2,665.0,pass,18,47
268103,2014,ATL,CAR,4.0,2014-12-28,Half2,161.0,run,8,41
268108,2014,ATL,CAR,4.0,2014-12-28,Half2,110.0,pass,9,12
273195,2015,ATL,PHI,4.0,2015-09-14,Half1,3550.0,punt,6,4
273202,2015,ATL,PHI,4.0,2015-09-14,Half1,3360.0,field_goal,3,52
273207,2015,ATL,PHI,4.0,2015-09-14,Half1,3284.0,punt,10,0
273221,2015,ATL,PHI,4.0,2015-09-14,Half1,2994.0,punt,3,20
273225,2015,ATL,PHI,4.0,2015-09-14,Half1,2938.0,punt,15,-5
273232,2015,ATL,PHI,4.0,2015-09-14,Half1,2791.0,,9,11
273233,2015,ATL,PHI,4.0,2015-09-14,Half1,2791.0,punt,9,11
273255,2015,ATL,PHI,4.0,2015-09-14,Half1,2311.0,pass,1,64
273259,2015,ATL,PHI,4.0,2015-09-14,Half1,2243.0,field_goal,5,69
273264,2015,ATL,PHI,4.0,2015-09-14,Half1,2191.0,punt,3,7
273268,2015,ATL,PHI,4.0,2015-09-14,Half1,2117.0,punt,1,9
273281,2015,ATL,PHI,4.0,2015-09-14,Half1,1869.0,field_goal,7,25
273309,2015,ATL,PHI,4.0,2015-09-14,Half2,1499.0,punt,11,13
273345,2015,ATL,PHI,4.0,2015-09-14,Half2,654.0,field_goal,6,62
273359,2015,ATL,PHI,4.0,2015-09-14,Half2,393.0,field_goal,3,51
273371,2015,ATL,PHI,4.0,2015-09-14,Half2,152.0,field_goal,1,54
273378,2015,ATL,PHI,4.0,2015-09-14,Half2,120.0,punt,5,5
279923,2015,ATL,HOU,4.0,2015-10-04,Half1,3550.0,punt,8,2
279931,2015,ATL,HOU,4.0,2015-10-04,Half1,3324.0,run,1,10
279943,2015,ATL,HOU,4.0,2015-10-04,Half1,3068.0,punt,6,15
279966,2015,ATL,HOU,4.0,2015-10-04,Half1,2626.0,punt,10,0
279970,2015,ATL,HOU,4.0,2015-10-04,Half1,2569.0,punt,18,-8
279982,2015,ATL,HOU,4.0,2015-10-04,Half1,2382.0,punt,3,20
280001,2015,ATL,HOU,4.0,2015-10-04,Half1,1920.0,punt,3,7
280013,2015,ATL,HOU,4.0,2015-10-04,Half1,1817.0,field_goal,8,63
280023,2015,ATL,HOU,4.0,2015-10-04,Half2,1669.0,pass,3,48
280033,2015,ATL,HOU,4.0,2015-10-04,Half2,1465.0,punt,2,8
280063,2015,ATL,HOU,4.0,2015-10-04,Half2,729.0,punt,10,0
280082,2015,ATL,HOU,4.0,2015-10-04,Half2,283.0,punt,3,20
280098,2015,ATL,HOU,4.0,2015-10-04,Half2,120.0,punt,12,-2
280108,2015,ATL,HOU,4.0,2015-10-04,Half2,0.0,pass,17,38
282861,2015,ATL,WAS,4.0,2015-10-11,Half1,3474.0,punt,2,8
282872,2015,ATL,WAS,4.0,2015-10-11,Half1,3160.0,punt,8,19
282879,2015,ATL,WAS,4.0,2015-10-11,Half1,2951.0,punt,9,17
282890,2015,ATL,WAS,4.0,2015-10-11,Half1,2613.0,run,1,58
282908,2015,ATL,WAS,4.0,2015-10-11,Half1,2232.0,field_goal,9,56
282927,2015,ATL,WAS,4.0,2015-10-11,Half1,1911.0,punt,5,5
282935,2015,ATL,WAS,4.0,2015-10-11,Half1,1805.0,field_goal,1,25
282942,2015,ATL,WAS,4.0,2015-10-11,Half2,1668.0,pass,5,48
282946,2015,ATL,WAS,4.0,2015-10-11,Half2,1578.0,field_goal,8,50
282956,2015,ATL,WAS,4.0,2015-10-11,Half2,1306.0,field_goal,13,27
282962,2015,ATL,WAS,4.0,2015-10-11,Half2,1180.0,pass,6,26
282968,2015,ATL,WAS,4.0,2015-10-11,Half2,1018.0,field_goal,5,47
282973,2015,ATL,WAS,4.0,2015-10-11,Half2,959.0,punt,10,0
283005,2015,ATL,WAS,4.0,2015-10-11,Half2,162.0,field_goal,10,11
283016,2015,ATL,WAS,4.0,2015-10-11,Half2,51.0,pass,2,74
290855,2015,ATL,TB,4.0,2015-11-01,Half1,3308.0,run,1,68
290860,2015,ATL,TB,4.0,2015-11-01,Half1,3178.0,field_goal,3,71
290869,2015,ATL,TB,4.0,2015-11-01,Half1,2930.0,punt,7,32
290875,2015,ATL,TB,4.0,2015-11-01,Half1,2827.0,field_goal,9,1
290901,2015,ATL,TB,4.0,2015-11-01,Half1,2016.0,field_goal,3,73
290928,2015,ATL,TB,4.0,2015-11-01,Half2,1750.0,punt,9,1
290972,2015,ATL,TB,4.0,2015-11-01,Half2,737.0,punt,9,24
290980,2015,ATL,TB,4.0,2015-11-01,Half2,501.0,run,1,28
290987,2015,ATL,TB,4.0,2015-11-01,Half2,300.0,field_goal,4,77
290999,2015,ATL,TB,4.0,2015-11-01,Half2,120.0,pass,1,20
291028,2015,ATL,TB,4.0,2015-11-01,Overtime,477.0,no_play,4,68
291029,2015,ATL,TB,4.0,2015-11-01,Overtime,477.0,field_goal,9,68
291035,2015,ATL,TB,4.0,2015-11-01,Overtime,350.0,pass,7,22
297784,2015,ATL,IND,4.0,2015-11-22,Half1,3509.0,field_goal,5,5
297801,2015,ATL,IND,4.0,2015-11-22,Half1,3039.0,punt,1,20
297821,2015,ATL,IND,4.0,2015-11-22,Half1,2652.0,no_play,3,2
297822,2015,ATL,IND,4.0,2015-11-22,Half1,2603.0,punt,8,2
297859,2015,ATL,IND,4.0,2015-11-22,Half1,1839.0,punt,8,31
297881,2015,ATL,IND,4.0,2015-11-22,Half2,1349.0,punt,1,9
297888,2015,ATL,IND,4.0,2015-11-22,Half2,1226.0,punt,8,14
297910,2015,ATL,IND,4.0,2015-11-22,Half2,780.0,punt,6,4
297915,2015,ATL,IND,4.0,2015-11-22,Half2,623.0,punt,6,17
297923,2015,ATL,IND,4.0,2015-11-22,Half2,509.0,punt,8,20
297927,2015,ATL,IND,4.0,2015-11-22,Half2,412.0,punt,1,9
297931,2015,ATL,IND,4.0,2015-11-22,Half2,307.0,punt,4,6
297944,2015,ATL,IND,4.0,2015-11-22,Half2,57.0,field_goal,3,56
297953,2015,ATL,IND,4.0,2015-11-22,Half2,1.0,pass,3,21
300474,2015,ATL,MIN,4.0,2015-11-29,Half1,3458.0,punt,1,20
300478,2015,ATL,MIN,4.0,2015-11-29,Half1,3323.0,punt,1,9
300521,2015,ATL,MIN,4.0,2015-11-29,Half1,2178.0,field_goal,9,67
300529,2015,ATL,MIN,4.0,2015-11-29,Half1,2038.0,punt,5,20
300583,2015,ATL,MIN,4.0,2015-11-29,Half2,1013.0,field_goal,2,69
300590,2015,ATL,MIN,4.0,2015-11-29,Half2,900.0,punt,19,5
300607,2015,ATL,MIN,4.0,2015-11-29,Half2,389.0,field_goal,7,67
300612,2015,ATL,MIN,4.0,2015-11-29,Half2,279.0,pass,1,4
300629,2015,ATL,MIN,4.0,2015-11-29,Half2,98.0,no_play,2,79
312835,2015,ATL,CAR,4.0,2015-12-27,Half1,2477.0,punt,10,36
312844,2015,ATL,CAR,4.0,2015-12-27,Half1,2285.0,punt,12,47
312857,2015,ATL,CAR,4.0,2015-12-27,Half1,1912.0,,17,48
312858,2015,ATL,CAR,4.0,2015-12-27,Half1,1912.0,punt,17,48
312874,2015,ATL,CAR,4.0,2015-12-27,Half2,1407.0,field_goal,11,55
312883,2015,ATL,CAR,4.0,2015-12-27,Half2,1229.0,field_goal,9,52
312899,2015,ATL,CAR,4.0,2015-12-27,Half2,852.0,no_play,4,17
312911,2015,ATL,CAR,4.0,2015-12-27,Half2,484.0,field_goal,3,7
312924,2015,ATL,CAR,4.0,2015-12-27,Half2,148.0,field_goal,7,60
312931,2015,ATL,CAR,4.0,2015-12-27,Half2,113.0,pass,5,17
312937,2015,ATL,CAR,4.0,2015-12-27,Half2,95.0,field_goal,9,1
315950,2015,ATL,NO,4.0,2016-01-03,Half1,3462.0,punt,3,19
315962,2015,ATL,NO,4.0,2016-01-03,Half1,3108.0,field_goal,3,56
316005,2015,ATL,NO,4.0,2016-01-03,Half1,2244.0,field_goal,8,51
316013,2015,ATL,NO,4.0,2016-01-03,Half1,2015.0,pass,1,48
316043,2015,ATL,NO,4.0,2016-01-03,Half2,1546.0,punt,15,27
316056,2015,ATL,NO,4.0,2016-01-03,Half2,1234.0,field_goal,10,69
316095,2015,ATL,NO,4.0,2016-01-03,Half2,167.0,punt,18,56
316101,2015,ATL,NO,4.0,2016-01-03,Half2,115.0,punt,3,7
317032,2016,ATL,TB,4.0,2016-09-11,Half1,3484.0,punt,1,9
317040,2016,ATL,TB,4.0,2016-09-11,Half1,3297.0,field_goal,16,37
317046,2016,ATL,TB,4.0,2016-09-11,Half1,3133.0,field_goal,10,59
317051,2016,ATL,TB,4.0,2016-09-11,Half1,3046.0,punt,3,7
317055,2016,ATL,TB,4.0,2016-09-11,Half1,2965.0,punt,4,6
317087,2016,ATL,TB,4.0,2016-09-11,Half1,2223.0,punt,9,31
317091,2016,ATL,TB,4.0,2016-09-11,Half1,2108.0,punt,10,0
317101,2016,ATL,TB,4.0,2016-09-11,Half1,1910.0,field_goal,16,45
317133,2016,ATL,TB,4.0,2016-09-11,Half2,1416.0,punt,20,29
317148,2016,ATL,TB,4.0,2016-09-11,Half2,1128.0,pass,3,31
317159,2016,ATL,TB,4.0,2016-09-11,Half2,900.0,punt,2,8
317166,2016,ATL,TB,4.0,2016-09-11,Half2,701.0,punt,5,30
317170,2016,ATL,TB,4.0,2016-09-11,Half2,602.0,punt,6,4
317182,2016,ATL,TB,4.0,2016-09-11,Half2,299.0,field_goal,8,49
317196,2016,ATL,TB,4.0,2016-09-11,Half2,120.0,punt,2,33
317201,2016,ATL,TB,4.0,2016-09-11,Half2,77.0,pass,10,19
325853,2016,ATL,CAR,4.0,2016-10-02,Half1,3401.0,punt,5,1
325872,2016,ATL,CAR,4.0,2016-10-02,Half1,2942.0,punt,3,29
325889,2016,ATL,CAR,4.0,2016-10-02,Half1,2545.0,punt,6,32
325902,2016,ATL,CAR,4.0,2016-10-02,Half1,2161.0,field_goal,5,65
325909,2016,ATL,CAR,4.0,2016-10-02,Half1,1992.0,field_goal,3,39
325916,2016,ATL,CAR,4.0,2016-10-02,Half1,1913.0,punt,9,1
325926,2016,ATL,CAR,4.0,2016-10-02,Half1,1819.0,punt,2,18
325946,2016,ATL,CAR,4.0,2016-10-02,Half2,1407.0,punt,7,3
325961,2016,ATL,CAR,4.0,2016-10-02,Half2,1126.0,punt,6,4
325972,2016,ATL,CAR,4.0,2016-10-02,Half2,804.0,field_goal,11,36
325984,2016,ATL,CAR,4.0,2016-10-02,Half2,569.0,punt,9,1
326017,2016,ATL,CAR,4.0,2016-10-02,Half2,120.0,pass,2,75
326026,2016,ATL,CAR,4.0,2016-10-02,Half2,97.0,punt,10,0
335148,2016,ATL,LAC,4.0,2016-10-23,Half1,3091.0,field_goal,5,51
335158,2016,ATL,LAC,4.0,2016-10-23,Half1,2858.0,field_goal,9,1
335170,2016,ATL,LAC,4.0,2016-10-23,Half1,2614.0,field_goal,7,61
335186,2016,ATL,LAC,4.0,2016-10-23,Half1,2285.0,punt,11,-1
335219,2016,ATL,LAC,4.0,2016-10-23,Half2,1703.0,punt,4,6
335223,2016,ATL,LAC,4.0,2016-10-23,Half2,1641.0,punt,3,7
335232,2016,ATL,LAC,4.0,2016-10-23,Half2,1395.0,punt,17,17
335240,2016,ATL,LAC,4.0,2016-10-23,Half2,1194.0,field_goal,2,50
335255,2016,ATL,LAC,4.0,2016-10-23,Half2,808.0,field_goal,12,62
335286,2016,ATL,LAC,4.0,2016-10-23,Half2,120.0,pass,2,11
335295,2016,ATL,LAC,4.0,2016-10-23,Half2,22.0,field_goal,10,50
335313,2016,ATL,LAC,4.0,2016-10-23,Overtime,736.0,run,1,19
336497,2016,ATL,GB,4.0,2016-10-30,Half1,3407.0,run,1,50
336501,2016,ATL,GB,4.0,2016-10-30,Half1,3286.0,field_goal,3,57
336541,2016,ATL,GB,4.0,2016-10-30,Half1,2335.0,field_goal,7,48
336546,2016,ATL,GB,4.0,2016-10-30,Half1,2245.0,punt,15,-5
336552,2016,ATL,GB,4.0,2016-10-30,Half1,2162.0,punt,11,-1
336584,2016,ATL,GB,4.0,2016-10-30,Half2,1571.0,punt,14,20
336610,2016,ATL,GB,4.0,2016-10-30,Half2,900.0,punt,21,10
336614,2016,ATL,GB,4.0,2016-10-30,Half2,763.0,punt,18,-8
336649,2016,ATL,GB,4.0,2016-10-30,Half2,14.0,pass,3,7
346346,2016,ATL,ARI,4.0,2016-11-27,Half1,3084.0,pass,3,36
346366,2016,ATL,ARI,4.0,2016-11-27,Half1,2576.0,field_goal,7,68
346377,2016,ATL,ARI,4.0,2016-11-27,Half1,2316.0,field_goal,3,48
346384,2016,ATL,ARI,4.0,2016-11-27,Half1,2191.0,punt,11,24
346388,2016,ATL,ARI,4.0,2016-11-27,Half1,2109.0,punt,6,4
346393,2016,ATL,ARI,4.0,2016-11-27,Half1,2000.0,punt,33,-23
346404,2016,ATL,ARI,4.0,2016-11-27,Half1,1913.0,punt,2,8
346425,2016,ATL,ARI,4.0,2016-11-27,Half2,1520.0,punt,22,-5
346429,2016,ATL,ARI,4.0,2016-11-27,Half2,1453.0,punt,10,0
346455,2016,ATL,ARI,4.0,2016-11-27,Half2,862.0,pass,7,35
346460,2016,ATL,ARI,4.0,2016-11-27,Half2,736.0,no_play,5,60
346498,2016,ATL,ARI,4.0,2016-11-27,Half2,113.0,pass,7,12
348875,2016,ATL,KC,4.0,2016-12-04,Half1,3015.0,field_goal,3,71
348894,2016,ATL,KC,4.0,2016-12-04,Half1,2609.0,field_goal,4,53
348907,2016,ATL,KC,4.0,2016-12-04,Half1,2230.0,pass,1,92
348918,2016,ATL,KC,4.0,2016-12-04,Half1,2006.0,punt,5,17
348927,2016,ATL,KC,4.0,2016-12-04,Half1,1860.0,punt,5,19
348942,2016,ATL,KC,4.0,2016-12-04,Half2,1682.0,run,1,64
348954,2016,ATL,KC,4.0,2016-12-04,Half2,1440.0,pass,1,65
348965,2016,ATL,KC,4.0,2016-12-04,Half2,1098.0,punt,9,45
348988,2016,ATL,KC,4.0,2016-12-04,Half2,574.0,punt,2,18
356001,2016,ATL,SF,4.0,2016-12-18,Half1,3525.0,punt,1,9
356022,2016,ATL,SF,4.0,2016-12-18,Half1,3100.0,punt,11,-1
356058,2016,ATL,SF,4.0,2016-12-18,Half1,2295.0,punt,11,36
356099,2016,ATL,SF,4.0,2016-12-18,Half2,1522.0,punt,21,27
356103,2016,ATL,SF,4.0,2016-12-18,Half2,1468.0,punt,7,3
356109,2016,ATL,SF,4.0,2016-12-18,Half2,1294.0,field_goal,4,25
356117,2016,ATL,SF,4.0,2016-12-18,Half2,1146.0,punt,6,18
356128,2016,ATL,SF,4.0,2016-12-18,Half2,954.0,punt,2,8
356138,2016,ATL,SF,4.0,2016-12-18,Half2,660.0,punt,12,39
356148,2016,ATL,SF,4.0,2016-12-18,Half2,383.0,punt,4,38
356158,2016,ATL,SF,4.0,2016-12-18,Half2,73.0,field_goal,6,68
359776,2016,ATL,NO,4.0,2017-01-01,Half1,3561.0,punt,11,-1
359794,2016,ATL,NO,4.0,2017-01-01,Half1,3067.0,pass,1,70
359799,2016,ATL,NO,4.0,2017-01-01,Half1,2937.0,field_goal,1,74
359827,2016,ATL,NO,4.0,2017-01-01,Half1,2565.0,punt,8,2
359847,2016,ATL,NO,4.0,2017-01-01,Half1,2024.0,field_goal,6,53
359870,2016,ATL,NO,4.0,2017-01-01,Half2,1684.0,punt,10,0
359876,2016,ATL,NO,4.0,2017-01-01,Half2,1534.0,punt,10,20
359890,2016,ATL,NO,4.0,2017-01-01,Half2,1222.0,field_goal,4,95
359896,2016,ATL,NO,4.0,2017-01-01,Half2,1179.0,punt,12,-2
359908,2016,ATL,NO,4.0,2017-01-01,Half2,900.0,punt,3,19
359924,2016,ATL,NO,4.0,2017-01-01,Half2,622.0,no_play,6,11
359925,2016,ATL,NO,4.0,2017-01-01,Half2,606.0,punt,11,11
359938,2016,ATL,NO,4.0,2017-01-01,Half2,316.0,punt,8,2
359949,2016,ATL,NO,4.0,2017-01-01,Half2,140.0,pass,5,22
359955,2016,ATL,NO,4.0,2017-01-01,Half2,95.0,run,1,40
367685,2017,ATL,GB,4.0,2017-09-17,Half1,2878.0,punt,21,-11
367690,2017,ATL,GB,4.0,2017-09-17,Half1,2741.0,punt,13,-3
367712,2017,ATL,GB,4.0,2017-09-17,Half1,2249.0,punt,6,19
367719,2017,ATL,GB,4.0,2017-09-17,Half1,2007.0,field_goal,15,58
367727,2017,ATL,GB,4.0,2017-09-17,Half1,1929.0,punt,10,3
367731,2017,ATL,GB,4.0,2017-09-17,Half1,1877.0,punt,9,1
367762,2017,ATL,GB,4.0,2017-09-17,Half2,1477.0,field_goal,10,65
367773,2017,ATL,GB,4.0,2017-09-17,Half2,1165.0,field_goal,12,40
367782,2017,ATL,GB,4.0,2017-09-17,Half2,985.0,pass,5,28
367790,2017,ATL,GB,4.0,2017-09-17,Half2,770.0,pass,7,75
367798,2017,ATL,GB,4.0,2017-09-17,Half2,583.0,punt,6,22
367826,2017,ATL,GB,4.0,2017-09-17,Half2,73.0,punt,9,35
367830,2017,ATL,GB,4.0,2017-09-17,Half2,48.0,pass,10,18
371205,2017,ATL,BUF,4.0,2017-10-01,Half1,3403.0,punt,7,34
371219,2017,ATL,BUF,4.0,2017-10-01,Half1,3012.0,punt,17,53
371230,2017,ATL,BUF,4.0,2017-10-01,Half1,2718.0,punt,9,49
371236,2017,ATL,BUF,4.0,2017-10-01,Half1,2680.0,punt,15,-5
371244,2017,ATL,BUF,4.0,2017-10-01,Half1,2435.0,field_goal,4,44
371261,2017,ATL,BUF,4.0,2017-10-01,Half1,2071.0,punt,2,18
371265,2017,ATL,BUF,4.0,2017-10-01,Half1,2010.0,punt,7,3
371289,2017,ATL,BUF,4.0,2017-10-01,Half2,1698.0,punt,10,0
371322,2017,ATL,BUF,4.0,2017-10-01,Half2,729.0,no_play,1,82
371323,2017,ATL,BUF,4.0,2017-10-01,Half2,723.0,field_goal,6,82
371342,2017,ATL,BUF,4.0,2017-10-01,Half2,288.0,field_goal,7,37
371353,2017,ATL,BUF,4.0,2017-10-01,Half2,190.0,field_goal,12,-2
371358,2017,ATL,BUF,4.0,2017-10-01,Half2,173.0,pass,4,14
371370,2017,ATL,BUF,4.0,2017-10-01,Half2,49.0,pass,1,65
376448,2017,ATL,MIA,4.0,2017-10-15,Half1,3288.0,field_goal,1,43
376456,2017,ATL,MIA,4.0,2017-10-15,Half1,3108.0,punt,5,39
376475,2017,ATL,MIA,4.0,2017-10-15,Half1,2608.0,punt,4,35
376480,2017,ATL,MIA,4.0,2017-10-15,Half1,2516.0,punt,11,-1
376487,2017,ATL,MIA,4.0,2017-10-15,Half1,2277.0,pass,3,17
376528,2017,ATL,MIA,4.0,2017-10-15,Half2,1373.0,pass,1,75
376538,2017,ATL,MIA,4.0,2017-10-15,Half2,1154.0,punt,2,8
376557,2017,ATL,MIA,4.0,2017-10-15,Half2,711.0,run,19,27
376561,2017,ATL,MIA,4.0,2017-10-15,Half2,609.0,pass,2,17
376565,2017,ATL,MIA,4.0,2017-10-15,Half2,519.0,field_goal,6,21
376570,2017,ATL,MIA,4.0,2017-10-15,Half2,431.0,punt,16,-6
376581,2017,ATL,MIA,4.0,2017-10-15,Half2,155.0,field_goal,11,46
387839,2017,ATL,DAL,4.0,2017-11-12,Half1,3255.0,punt,14,33
387859,2017,ATL,DAL,4.0,2017-11-12,Half1,2702.0,field_goal,2,45
387867,2017,ATL,DAL,4.0,2017-11-12,Half1,2493.0,no_play,8,22
387868,2017,ATL,DAL,4.0,2017-11-12,Half1,2489.0,no_play,18,27
387869,2017,ATL,DAL,4.0,2017-11-12,Half1,2466.0,punt,13,27
387878,2017,ATL,DAL,4.0,2017-11-12,Half1,2227.0,punt,19,20
387883,2017,ATL,DAL,4.0,2017-11-12,Half1,2105.0,punt,16,-6
387933,2017,ATL,DAL,4.0,2017-11-12,Half2,1054.0,field_goal,18,50
387947,2017,ATL,DAL,4.0,2017-11-12,Half2,753.0,punt,19,-9
387956,2017,ATL,DAL,4.0,2017-11-12,Half2,512.0,field_goal,6,46
387970,2017,ATL,DAL,4.0,2017-11-12,Half2,257.0,pass,6,52
387977,2017,ATL,DAL,4.0,2017-11-12,Half2,240.0,punt,12,-2
387986,2017,ATL,DAL,4.0,2017-11-12,Half2,67.0,run,14,1
391505,2017,ATL,TB,4.0,2017-11-26,Half1,3290.0,field_goal,4,57
391519,2017,ATL,TB,4.0,2017-11-26,Half1,2936.0,field_goal,2,43
391526,2017,ATL,TB,4.0,2017-11-26,Half1,2803.0,punt,14,6
391531,2017,ATL,TB,4.0,2017-11-26,Half1,2703.0,punt,8,22
391535,2017,ATL,TB,4.0,2017-11-26,Half1,2655.0,punt,8,2
391545,2017,ATL,TB,4.0,2017-11-26,Half1,2450.0,punt,14,-4
391571,2017,ATL,TB,4.0,2017-11-26,Half1,1900.0,field_goal,9,74
391615,2017,ATL,TB,4.0,2017-11-26,Half2,1057.0,punt,8,16
391641,2017,ATL,TB,4.0,2017-11-26,Half2,430.0,pass,1,40
391666,2017,ATL,TB,4.0,2017-11-26,Half2,21.0,pass,10,50
393967,2017,ATL,MIN,4.0,2017-12-03,Half1,3475.0,punt,3,20
393980,2017,ATL,MIN,4.0,2017-12-03,Half1,3145.0,pass,2,54
393985,2017,ATL,MIN,4.0,2017-12-03,Half1,3029.0,field_goal,6,58
393996,2017,ATL,MIN,4.0,2017-12-03,Half1,2802.0,punt,19,27
394000,2017,ATL,MIN,4.0,2017-12-03,Half1,2713.0,punt,4,6
394022,2017,ATL,MIN,4.0,2017-12-03,Half1,2151.0,field_goal,5,65
394028,2017,ATL,MIN,4.0,2017-12-03,Half1,2040.0,punt,14,-4
394035,2017,ATL,MIN,4.0,2017-12-03,Half1,1912.0,punt,4,17
394053,2017,ATL,MIN,4.0,2017-12-03,Half2,1621.0,field_goal,3,46
394059,2017,ATL,MIN,4.0,2017-12-03,Half2,1488.0,punt,13,-3
394064,2017,ATL,MIN,4.0,2017-12-03,Half2,1408.0,no_play,8,6
394065,2017,ATL,MIN,4.0,2017-12-03,Half2,1400.0,punt,18,6
394088,2017,ATL,MIN,4.0,2017-12-03,Half2,807.0,punt,6,4
394095,2017,ATL,MIN,4.0,2017-12-03,Half2,582.0,punt,22,-2
394105,2017,ATL,MIN,4.0,2017-12-03,Half2,304.0,field_goal,4,44
396550,2017,ATL,NO,4.0,2017-12-07,Half1,3292.0,field_goal,14,54
396561,2017,ATL,NO,4.0,2017-12-07,Half1,3037.0,field_goal,5,65
396569,2017,ATL,NO,4.0,2017-12-07,Half1,2841.0,punt,4,40
396573,2017,ATL,NO,4.0,2017-12-07,Half1,2782.0,punt,4,6
396581,2017,ATL,NO,4.0,2017-12-07,Half1,2585.0,punt,7,29
396641,2017,ATL,NO,4.0,2017-12-07,Half2,1387.0,punt,6,16
396647,2017,ATL,NO,4.0,2017-12-07,Half2,1172.0,punt,14,16
396651,2017,ATL,NO,4.0,2017-12-07,Half2,1033.0,punt,14,-4
396674,2017,ATL,NO,4.0,2017-12-07,Half2,473.0,punt,13,7
396682,2017,ATL,NO,4.0,2017-12-07,Half2,234.0,field_goal,11,38
396691,2017,ATL,NO,4.0,2017-12-07,Half2,115.0,run,1,69
405050,2017,ATL,CAR,4.0,2017-12-31,Half1,3272.0,punt,12,-2
405058,2017,ATL,CAR,4.0,2017-12-31,Half1,3072.0,punt,6,28
405065,2017,ATL,CAR,4.0,2017-12-31,Half1,2941.0,punt,10,29
405071,2017,ATL,CAR,4.0,2017-12-31,Half1,2803.0,punt,9,29
405077,2017,ATL,CAR,4.0,2017-12-31,Half1,2694.0,punt,14,8
405081,2017,ATL,CAR,4.0,2017-12-31,Half1,2545.0,punt,1,9
405085,2017,ATL,CAR,4.0,2017-12-31,Half1,2484.0,punt,10,0
405091,2017,ATL,CAR,4.0,2017-12-31,Half1,2364.0,punt,10,10
405105,2017,ATL,CAR,4.0,2017-12-31,Half1,1920.0,run,1,60
405126,2017,ATL,CAR,4.0,2017-12-31,Half2,1721.0,punt,4,6
405140,2017,ATL,CAR,4.0,2017-12-31,Half2,1295.0,field_goal,10,68
405150,2017,ATL,CAR,4.0,2017-12-31,Half2,1129.0,field_goal,7,15
405155,2017,ATL,CAR,4.0,2017-12-31,Half2,1069.0,punt,3,7
405164,2017,ATL,CAR,4.0,2017-12-31,Half2,855.0,field_goal,1,60
405172,2017,ATL,CAR,4.0,2017-12-31,Half2,638.0,field_goal,6,51
405181,2017,ATL,CAR,4.0,2017-12-31,Half2,403.0,field_goal,14,37
405187,2017,ATL,CAR,4.0,2017-12-31,Half2,332.0,punt,14,-4
405192,2017,ATL,CAR,4.0,2017-12-31,Half2,269.0,punt,6,4
405198,2017,ATL,CAR,4.0,2017-12-31,Half2,151.0,field_goal,2,8
411011,2018,ATL,CAR,4.0,2018-09-16,Half1,3400.0,field_goal,3,39
411023,2018,ATL,CAR,4.0,2018-09-16,Half1,3046.0,field_goal,5,57
411029,2018,ATL,CAR,4.0,2018-09-16,Half1,2904.0,punt,20,-10
411036,2018,ATL,CAR,4.0,2018-09-16,Half1,2718.0,punt,11,11
411044,2018,ATL,CAR,4.0,2018-09-16,Half1,2542.0,run,4,70
411074,2018,ATL,CAR,4.0,2018-09-16,Half1,1912.0,punt,14,7
411093,2018,ATL,CAR,4.0,2018-09-16,Half2,1677.0,punt,2,8
411110,2018,ATL,CAR,4.0,2018-09-16,Half2,1243.0,punt,12,28
411118,2018,ATL,CAR,4.0,2018-09-16,Half2,1013.0,punt,4,48
411151,2018,ATL,CAR,4.0,2018-09-16,Half2,250.0,punt,5,5
411165,2018,ATL,CAR,4.0,2018-09-16,Half2,120.0,punt,1,9
413845,2018,ATL,NO,4.0,2018-09-23,Half1,3333.0,punt,5,5
413849,2018,ATL,NO,4.0,2018-09-23,Half1,3241.0,punt,1,9
413873,2018,ATL,NO,4.0,2018-09-23,Half1,2695.0,punt,8,31
413878,2018,ATL,NO,4.0,2018-09-23,Half1,2530.0,punt,13,8
413885,2018,ATL,NO,4.0,2018-09-23,Half1,2383.0,field_goal,4,31
413891,2018,ATL,NO,4.0,2018-09-23,Half1,2282.0,punt,9,18
413902,2018,ATL,NO,4.0,2018-09-23,Half1,1989.0,field_goal,3,70
413914,2018,ATL,NO,4.0,2018-09-23,Half1,1906.0,punt,15,16
413919,2018,ATL,NO,4.0,2018-09-23,Half1,1847.0,punt,5,5
413941,2018,ATL,NO,4.0,2018-09-23,Half2,1511.0,punt,10,0
413946,2018,ATL,NO,4.0,2018-09-23,Half2,1430.0,punt,13,-3
413979,2018,ATL,NO,4.0,2018-09-23,Half2,603.0,pass,1,75
413987,2018,ATL,NO,4.0,2018-09-23,Half2,428.0,no_play,9,75
414012,2018,ATL,NO,4.0,2018-09-23,Half2,25.0,punt,4,18
416687,2018,ATL,CIN,4.0,2018-09-30,Half1,2926.0,pass,5,42
416758,2018,ATL,CIN,4.0,2018-09-30,Half2,1696.0,punt,16,-6
416763,2018,ATL,CIN,4.0,2018-09-30,Half2,1585.0,field_goal,10,-2
416774,2018,ATL,CIN,4.0,2018-09-30,Half2,1367.0,punt,18,36
416780,2018,ATL,CIN,4.0,2018-09-30,Half2,1203.0,punt,3,22
416809,2018,ATL,CIN,4.0,2018-09-30,Half2,503.0,field_goal,14,34
416824,2018,ATL,CIN,4.0,2018-09-30,Half2,266.0,no_play,19,61
416825,2018,ATL,CIN,4.0,2018-09-30,Half2,258.0,field_goal,14,61
416837,2018,ATL,CIN,4.0,2018-09-30,Half2,81.0,pass,8,75
416842,2018,ATL,CIN,4.0,2018-09-30,Half2,22.0,pass,6,75
422177,2018,ATL,TB,4.0,2018-10-14,Half1,2993.0,punt,12,30
422199,2018,ATL,TB,4.0,2018-10-14,Half1,2454.0,punt,7,3
422219,2018,ATL,TB,4.0,2018-10-14,Half1,2014.0,punt,1,9
422244,2018,ATL,TB,4.0,2018-10-14,Half2,1696.0,punt,15,-5
422259,2018,ATL,TB,4.0,2018-10-14,Half2,1316.0,punt,25,3
422266,2018,ATL,TB,4.0,2018-10-14,Half2,1063.0,field_goal,11,43
422273,2018,ATL,TB,4.0,2018-10-14,Half2,929.0,punt,6,22
422321,2018,ATL,TB,4.0,2018-10-14,Half2,76.0,field_goal,2,36
426858,2018,ATL,NYG,4.0,2018-10-22,Half1,3457.0,punt,16,18
426867,2018,ATL,NYG,4.0,2018-10-22,Half1,3189.0,punt,7,40
426878,2018,ATL,NYG,4.0,2018-10-22,Half1,2825.0,punt,8,43
426890,2018,ATL,NYG,4.0,2018-10-22,Half1,2485.0,punt,14,33
426898,2018,ATL,NYG,4.0,2018-10-22,Half1,2256.0,punt,7,15
426902,2018,ATL,NYG,4.0,2018-10-22,Half1,2160.0,punt,18,-8
426921,2018,ATL,NYG,4.0,2018-10-22,Half1,1854.0,field_goal,10,77
426932,2018,ATL,NYG,4.0,2018-10-22,Half1,1808.0,field_goal,10,53
426943,2018,ATL,NYG,4.0,2018-10-22,Half2,1604.0,pass,1,74
426962,2018,ATL,NYG,4.0,2018-10-22,Half2,1135.0,field_goal,10,62
426972,2018,ATL,NYG,4.0,2018-10-22,Half2,900.0,field_goal,4,43
426977,2018,ATL,NYG,4.0,2018-10-22,Half2,788.0,punt,10,0
427014,2018,ATL,NYG,4.0,2018-10-22,Half2,120.0,field_goal,3,37
434339,2018,ATL,DAL,4.0,2018-11-18,Half1,3350.0,punt,19,29
434356,2018,ATL,DAL,4.0,2018-11-18,Half1,2880.0,field_goal,3,85
434365,2018,ATL,DAL,4.0,2018-11-18,Half1,2696.0,field_goal,4,52
434370,2018,ATL,DAL,4.0,2018-11-18,Half1,2639.0,punt,6,4
434380,2018,ATL,DAL,4.0,2018-11-18,Half1,2298.0,punt,13,19
434386,2018,ATL,DAL,4.0,2018-11-18,Half1,2091.0,punt,15,8
434399,2018,ATL,DAL,4.0,2018-11-18,Half1,1834.0,field_goal,6,33
434414,2018,ATL,DAL,4.0,2018-11-18,Half2,1520.0,field_goal,4,43
434422,2018,ATL,DAL,4.0,2018-11-18,Half2,1336.0,field_goal,4,47
434456,2018,ATL,DAL,4.0,2018-11-18,Half2,508.0,field_goal,2,72
434465,2018,ATL,DAL,4.0,2018-11-18,Half2,252.0,punt,11,10
434489,2018,ATL,DAL,4.0,2018-11-18,Half2,3.0,field_goal,4,51
439169,2018,ATL,BAL,4.0,2018-12-02,Half1,3276.0,field_goal,9,49
439187,2018,ATL,BAL,4.0,2018-12-02,Half1,2909.0,punt,15,-5
439191,2018,ATL,BAL,4.0,2018-12-02,Half1,2818.0,punt,4,6
439199,2018,ATL,BAL,4.0,2018-12-02,Half1,2652.0,run,1,29
439203,2018,ATL,BAL,4.0,2018-12-02,Half1,2601.0,pass,7,23
439213,2018,ATL,BAL,4.0,2018-12-02,Half1,2279.0,punt,6,15
439223,2018,ATL,BAL,4.0,2018-12-02,Half1,2048.0,punt,5,39
439228,2018,ATL,BAL,4.0,2018-12-02,Half1,1997.0,punt,2,8
439233,2018,ATL,BAL,4.0,2018-12-02,Half1,1915.0,punt,19,-9
439262,2018,ATL,BAL,4.0,2018-12-02,Half2,1502.0,field_goal,3,72
439267,2018,ATL,BAL,4.0,2018-12-02,Half2,1427.0,punt,1,9
439283,2018,ATL,BAL,4.0,2018-12-02,Half2,936.0,field_goal,9,60
439289,2018,ATL,BAL,4.0,2018-12-02,Half2,853.0,punt,4,6
439303,2018,ATL,BAL,4.0,2018-12-02,Half2,449.0,field_goal,3,55
439328,2018,ATL,BAL,4.0,2018-12-02,Half2,119.0,run,1,20
445242,2018,ATL,ARI,4.0,2018-12-16,Half1,3420.0,punt,16,5
445257,2018,ATL,ARI,4.0,2018-12-16,Half1,3129.0,punt,16,-6
445267,2018,ATL,ARI,4.0,2018-12-16,Half1,2879.0,punt,16,10
445272,2018,ATL,ARI,4.0,2018-12-16,Half1,2741.0,field_goal,3,69
445290,2018,ATL,ARI,4.0,2018-12-16,Half1,2434.0,punt,10,0
445301,2018,ATL,ARI,4.0,2018-12-16,Half1,2121.0,field_goal,7,65
445307,2018,ATL,ARI,4.0,2018-12-16,Half1,2032.0,punt,6,20
445311,2018,ATL,ARI,4.0,2018-12-16,Half1,1949.0,punt,1,9
445337,2018,ATL,ARI,4.0,2018-12-16,Half2,1698.0,punt,7,13
445345,2018,ATL,ARI,4.0,2018-12-16,Half2,1562.0,,15,27
445346,2018,ATL,ARI,4.0,2018-12-16,Half2,1552.0,punt,15,27
445351,2018,ATL,ARI,4.0,2018-12-16,Half2,1360.0,punt,9,14
445365,2018,ATL,ARI,4.0,2018-12-16,Half2,1073.0,punt,23,-1
445385,2018,ATL,ARI,4.0,2018-12-16,Half2,541.0,punt,16,-6
445389,2018,ATL,ARI,4.0,2018-12-16,Half2,434.0,punt,9,1
445396,2018,ATL,ARI,4.0,2018-12-16,Half2,323.0,pass,10,64
445403,2018,ATL,ARI,4.0,2018-12-16,Half2,199.0,pass,7,64
445410,2018,ATL,ARI,4.0,2018-12-16,Half2,77.0,punt,3,7
458338,2019,ATL,PHI,4.0,2019-09-15,Half1,3273.0,field_goal,16,43
458347,2019,ATL,PHI,4.0,2019-09-15,Half1,3083.0,punt,7,16
458355,2019,ATL,PHI,4.0,2019-09-15,Half1,2929.0,no_play,10,17
458356,2019,ATL,PHI,4.0,2019-09-15,Half1,2929.0,punt,15,17
458366,2019,ATL,PHI,4.0,2019-09-15,Half1,2740.0,punt,10,0
458376,2019,ATL,PHI,4.0,2019-09-15,Half1,2450.0,field_goal,14,27
458387,2019,ATL,PHI,4.0,2019-09-15,Half1,2267.0,field_goal,9,43
458407,2019,ATL,PHI,4.0,2019-09-15,Half1,1906.0,punt,10,7
458438,2019,ATL,PHI,4.0,2019-09-15,Half2,1504.0,punt,11,13
458448,2019,ATL,PHI,4.0,2019-09-15,Half2,1203.0,pass,4,27
458464,2019,ATL,PHI,4.0,2019-09-15,Half2,833.0,punt,11,-1
458468,2019,ATL,PHI,4.0,2019-09-15,Half2,708.0,punt,19,-9
458492,2019,ATL,PHI,4.0,2019-09-15,Half2,140.0,pass,3,75
458505,2019,ATL,PHI,4.0,2019-09-15,Half2,89.0,pass,14,59
458510,2019,ATL,PHI,4.0,2019-09-15,Half2,38.0,pass,8,59
461712,2019,ATL,TEN,4.0,2019-09-29,Half1,3493.0,punt,14,10
461716,2019,ATL,TEN,4.0,2019-09-29,Half1,3437.0,punt,6,4
461756,2019,ATL,TEN,4.0,2019-09-29,Half1,2617.0,punt,4,6
461760,2019,ATL,TEN,4.0,2019-09-29,Half1,2543.0,punt,6,4
461765,2019,ATL,TEN,4.0,2019-09-29,Half1,2407.0,field_goal,3,35
461776,2019,ATL,TEN,4.0,2019-09-29,Half1,2157.0,run,1,33
461797,2019,ATL,TEN,4.0,2019-09-29,Half1,1835.0,field_goal,4,61
461816,2019,ATL,TEN,4.0,2019-09-29,Half2,1601.0,field_goal,20,51
461822,2019,ATL,TEN,4.0,2019-09-29,Half2,1488.0,punt,6,20
461830,2019,ATL,TEN,4.0,2019-09-29,Half2,1218.0,pass,1,56
461836,2019,ATL,TEN,4.0,2019-09-29,Half2,1075.0,punt,9,12
461841,2019,ATL,TEN,4.0,2019-09-29,Half2,1016.0,punt,8,2
461850,2019,ATL,TEN,4.0,2019-09-29,Half2,794.0,run,1,45
461854,2019,ATL,TEN,4.0,2019-09-29,Half2,746.0,pass,4,62
461868,2019,ATL,TEN,4.0,2019-09-29,Half2,436.0,pass,4,62
461880,2019,ATL,TEN,4.0,2019-09-29,Half2,118.0,punt,10,39
469573,2019,ATL,LAR,4.0,2019-10-20,Half1,3388.0,field_goal,3,33
469587,2019,ATL,LAR,4.0,2019-10-20,Half1,3011.0,field_goal,2,53
469591,2019,ATL,LAR,4.0,2019-10-20,Half1,2896.0,punt,25,-15
469596,2019,ATL,LAR,4.0,2019-10-20,Half1,2807.0,field_goal,6,20
469603,2019,ATL,LAR,4.0,2019-10-20,Half1,2708.0,punt,10,26
469626,2019,ATL,LAR,4.0,2019-10-20,Half1,2216.0,punt,17,25
469633,2019,ATL,LAR,4.0,2019-10-20,Half1,2064.0,pass,3,70
469640,2019,ATL,LAR,4.0,2019-10-20,Half1,1920.0,field_goal,7,70
469646,2019,ATL,LAR,4.0,2019-10-20,Half1,1875.0,field_goal,6,43
469650,2019,ATL,LAR,4.0,2019-10-20,Half1,1859.0,no_play,10,-5
469651,2019,ATL,LAR,4.0,2019-10-20,Half1,1858.0,punt,15,-5
469656,2019,ATL,LAR,4.0,2019-10-20,Half1,1832.0,punt,19,-9
469687,2019,ATL,LAR,4.0,2019-10-20,Half2,1178.0,punt,11,-1
469691,2019,ATL,LAR,4.0,2019-10-20,Half2,1047.0,punt,10,0
469716,2019,ATL,LAR,4.0,2019-10-20,Half2,346.0,no_play,5,62
469717,2019,ATL,LAR,4.0,2019-10-20,Half2,346.0,field_goal,2,62
469733,2019,ATL,LAR,4.0,2019-10-20,Half2,28.0,no_play,1,5
469734,2019,ATL,LAR,4.0,2019-10-20,Half2,28.0,punt,5,5
472007,2019,ATL,SEA,4.0,2019-10-27,Half1,3382.0,field_goal,9,51
472015,2019,ATL,SEA,4.0,2019-10-27,Half1,3190.0,punt,5,20
472022,2019,ATL,SEA,4.0,2019-10-27,Half1,3022.0,punt,11,12
472033,2019,ATL,SEA,4.0,2019-10-27,Half1,2700.0,field_goal,1,57
472045,2019,ATL,SEA,4.0,2019-10-27,Half1,2426.0,pass,1,10
472065,2019,ATL,SEA,4.0,2019-10-27,Half1,1953.0,field_goal,10,40
472095,2019,ATL,SEA,4.0,2019-10-27,Half2,1599.0,no_play,2,75
472104,2019,ATL,SEA,4.0,2019-10-27,Half2,1428.0,punt,20,-10
472115,2019,ATL,SEA,4.0,2019-10-27,Half2,1110.0,field_goal,16,34
472120,2019,ATL,SEA,4.0,2019-10-27,Half2,991.0,no_play,3,2
472121,2019,ATL,SEA,4.0,2019-10-27,Half2,982.0,punt,8,2
472142,2019,ATL,SEA,4.0,2019-10-27,Half2,358.0,field_goal,9,58
472165,2019,ATL,SEA,4.0,2019-10-27,Half2,169.0,punt,6,4
482049,2019,ATL,TB,4.0,2019-11-24,Half1,3472.0,field_goal,7,68
482058,2019,ATL,TB,4.0,2019-11-24,Half1,3279.0,no_play,3,13
482059,2019,ATL,TB,4.0,2019-11-24,Half1,3271.0,punt,8,13
482075,2019,ATL,TB,4.0,2019-11-24,Half1,2948.0,punt,17,31
482091,2019,ATL,TB,4.0,2019-11-24,Half1,2656.0,punt,2,8
482096,2019,ATL,TB,4.0,2019-11-24,Half1,2498.0,punt,28,-5
482112,2019,ATL,TB,4.0,2019-11-24,Half1,2097.0,punt,18,13
482134,2019,ATL,TB,4.0,2019-11-24,Half1,1820.0,punt,3,7
482157,2019,ATL,TB,4.0,2019-11-24,Half2,1368.0,punt,2,8
482173,2019,ATL,TB,4.0,2019-11-24,Half2,1005.0,field_goal,14,34
482183,2019,ATL,TB,4.0,2019-11-24,Half2,773.0,field_goal,4,61
482190,2019,ATL,TB,4.0,2019-11-24,Half2,660.0,pass,4,55
482197,2019,ATL,TB,4.0,2019-11-24,Half2,496.0,field_goal,16,55
482205,2019,ATL,TB,4.0,2019-11-24,Half2,406.0,punt,10,13
482209,2019,ATL,TB,4.0,2019-11-24,Half2,359.0,punt,14,-4
482218,2019,ATL,TB,4.0,2019-11-24,Half2,233.0,no_play,5,12
482219,2019,ATL,TB,4.0,2019-11-24,Half2,233.0,punt,10,12
482223,2019,ATL,TB,4.0,2019-11-24,Half2,198.0,pass,5,-4
482236,2019,ATL,TB,4.0,2019-11-24,Half2,116.0,pass,7,75
484712,2019,ATL,NO,4.0,2019-11-28,Half1,3491.0,punt,13,-3
484725,2019,ATL,NO,4.0,2019-11-28,Half1,3174.0,punt,7,15
484731,2019,ATL,NO,4.0,2019-11-28,Half1,2997.0,punt,5,20
484743,2019,ATL,NO,4.0,2019-11-28,Half1,2700.0,pass,1,73
484747,2019,ATL,NO,4.0,2019-11-28,Half1,2618.0,punt,2,8
484762,2019,ATL,NO,4.0,2019-11-28,Half1,2349.0,field_goal,4,77
484774,2019,ATL,NO,4.0,2019-11-28,Half1,2041.0,field_goal,8,50
484790,2019,ATL,NO,4.0,2019-11-28,Half1,1826.0,run,3,48
484805,2019,ATL,NO,4.0,2019-11-28,Half2,1672.0,punt,5,15
484809,2019,ATL,NO,4.0,2019-11-28,Half2,1553.0,punt,15,-5
484819,2019,ATL,NO,4.0,2019-11-28,Half2,1259.0,field_goal,9,51
484833,2019,ATL,NO,4.0,2019-11-28,Half2,965.0,punt,21,-11
484848,2019,ATL,NO,4.0,2019-11-28,Half2,619.0,field_goal,5,5
484860,2019,ATL,NO,4.0,2019-11-28,Half2,392.0,field_goal,8,12
484877,2019,ATL,NO,4.0,2019-11-28,Half2,163.0,pass,14,34
484892,2019,ATL,NO,4.0,2019-11-28,Half2,44.0,pass,8,1
487379,2019,ATL,CAR,4.0,2019-12-08,Half1,3391.0,no_play,6,31
487380,2019,ATL,CAR,4.0,2019-12-08,Half1,3391.0,no_play,11,31
487384,2019,ATL,CAR,4.0,2019-12-08,Half1,3265.0,punt,6,4
487397,2019,ATL,CAR,4.0,2019-12-08,Half1,2871.0,field_goal,5,55
487408,2019,ATL,CAR,4.0,2019-12-08,Half1,2696.0,field_goal,6,47
487416,2019,ATL,CAR,4.0,2019-12-08,Half1,2463.0,punt,6,28
487424,2019,ATL,CAR,4.0,2019-12-08,Half1,2251.0,punt,19,16
487441,2019,ATL,CAR,4.0,2019-12-08,Half1,1967.0,punt,3,7
487484,2019,ATL,CAR,4.0,2019-12-08,Half2,1364.0,punt,5,35
487493,2019,ATL,CAR,4.0,2019-12-08,Half2,1199.0,field_goal,5,5
487500,2019,ATL,CAR,4.0,2019-12-08,Half2,1074.0,punt,11,11
487504,2019,ATL,CAR,4.0,2019-12-08,Half2,1016.0,punt,10,0
487515,2019,ATL,CAR,4.0,2019-12-08,Half2,704.0,field_goal,7,17
487525,2019,ATL,CAR,4.0,2019-12-08,Half2,479.0,field_goal,24,51
493721,2019,ATL,JAX,4.0,2019-12-22,Half1,3116.0,punt,4,17
493732,2019,ATL,JAX,4.0,2019-12-22,Half1,2791.0,no_play,1,67
493733,2019,ATL,JAX,4.0,2019-12-22,Half1,2787.0,field_goal,6,67
493737,2019,ATL,JAX,4.0,2019-12-22,Half1,2743.0,punt,8,2
493747,2019,ATL,JAX,4.0,2019-12-22,Half1,2575.0,pass,4,62
493753,2019,ATL,JAX,4.0,2019-12-22,Half1,2357.0,field_goal,3,62
493764,2019,ATL,JAX,4.0,2019-12-22,Half1,2110.0,punt,9,35
493772,2019,ATL,JAX,4.0,2019-12-22,Half1,1918.0,punt,17,3
493785,2019,ATL,JAX,4.0,2019-12-22,Half1,1814.0,field_goal,2,54
493795,2019,ATL,JAX,4.0,2019-12-22,Half2,1608.0,punt,9,18
493803,2019,ATL,JAX,4.0,2019-12-22,Half2,1452.0,punt,10,41
493808,2019,ATL,JAX,4.0,2019-12-22,Half2,1349.0,punt,8,2
493822,2019,ATL,JAX,4.0,2019-12-22,Half2,1052.0,field_goal,4,62
493846,2019,ATL,JAX,4.0,2019-12-22,Half2,513.0,punt,12,19
493853,2019,ATL,JAX,4.0,2019-12-22,Half2,415.0,pass,10,60
493857,2019,ATL,JAX,4.0,2019-12-22,Half2,345.0,pass,4,60
493861,2019,ATL,JAX,4.0,2019-12-22,Half2,273.0,pass,7,60
